usage_id,meter_id,energy_consumption_kwh,operating_hours,energy_cost_inr
EU00001,EM0001,419.23,16,2376.51
EU00002,EM0002,94.42,6,5637.77
EU00003,EM0003,82.57,20,5598.62
EU00004,EM0004,425.43,7,5306.63
EU00005,EM0005,496.96,18,5800.77
EU00006,EM0006,164.64,22,3139.46
EU00007,EM0007,472.05,22,4340.64
EU00008,EM0008,248.76,9,718.94
EU00009,EM0009,332.85,16,2753.38
EU00010,EM0010,101.85,13,5255.2
EU00011,EM0011,362.22,18,2385.28
EU00012,EM0012,264.89,16,2442.96
EU00013,EM0013,458.65,13,4006.02
EU00014,EM0014,159.17,20,3279.76
EU00015,EM0015,170.44,14,1579.28
EU00016,EM0016,63.05,9,2664.25
EU00017,EM0017,179.44,22,5819.11
EU00018,EM0018,228.39,18,5771.29
EU00019,EM0019,378.44,23,2096.26
EU00020,EM0020,58.66,15,2027.64
EU00021,EM0021,402.3,14,681.93
EU00022,EM0022,361.73,7,3239.36
EU00023,EM0023,315.54,19,908.21
EU00024,EM0024,456.41,19,3988.44
EU00025,EM0025,293.44,9,1099.05
EU00026,EM0026,265.91,21,5347.83
EU00027,EM0027,363.96,14,2046.48
EU00028,EM0028,348.82,8,4728.98
EU00029,EM0029,295.24,6,1985.31
EU00030,EM0030,394.88,15,2526.38
EU00031,EM0031,426.39,7,3874.45
EU00032,EM0032,253.56,19,2207.46
EU00033,EM0033,119.26,14,1636.55
EU00034,EM0034,106.66,15,5116.73
EU00035,EM0035,151.07,7,4459.79
EU00036,EM0036,491.1,12,2126.91
EU00037,EM0037,108.48,10,5345.46
EU00038,EM0038,386.48,12,3175.24
EU00039,EM0039,237.99,15,3721.25
EU00040,EM0040,460.85,9,4466.97
EU00041,EM0041,68.0,21,4427.02
EU00042,EM0042,268.31,20,1194.93
EU00043,EM0043,117.65,18,5730.17
EU00044,EM0044,486.33,24,5824.9
EU00045,EM0045,313.55,21,5156.48
EU00046,EM0046,368.84,11,3479.31
EU00047,EM0047,417.56,17,2569.4
EU00048,EM0048,67.25,21,509.04
EU00049,EM0049,358.43,6,4603.76
EU00050,EM0050,74.58,14,509.76
EU00051,EM0051,420.5,24,1763.95
EU00052,EM0052,148.34,23,5687.92
EU00053,EM0053,322.3,8,1019.72
EU00054,EM0054,300.25,21,3896.37
EU00055,EM0055,225.97,11,1834.43
EU00056,EM0056,190.13,20,5585.58
EU00057,EM0057,205.98,13,2533.52
EU00058,EM0058,497.52,13,1669.73
EU00059,EM0059,288.97,20,4573.58
EU00060,EM0060,303.95,24,5624.35
EU00061,EM0061,190.04,24,3131.11
EU00062,EM0062,79.91,23,2172.06
EU00063,EM0063,58.43,13,4038.74
EU00064,EM0064,89.05,15,2684.29
EU00065,EM0065,262.69,17,1108.16
EU00066,EM0066,65.98,14,2193.99
EU00067,EM0067,361.63,18,2371.44
EU00068,EM0068,250.12,21,5600.68
EU00069,EM0069,450.01,22,5513.03
EU00070,EM0070,463.04,10,1010.92
EU00071,EM0071,226.1,14,601.53
EU00072,EM0072,402.13,20,2803.8
EU00073,EM0073,159.1,14,1669.94
EU00074,EM0074,252.87,12,5832.48
EU00075,EM0075,450.7,18,3520.45
EU00076,EM0076,160.63,13,2419.71
EU00077,EM0077,162.48,19,5957.51
EU00078,EM0078,377.59,6,5725.84
EU00079,EM0079,157.46,7,2196.8
EU00080,EM0080,204.09,14,1458.31
EU00081,EM0081,91.73,20,4647.97
EU00082,EM0082,195.66,11,4473.46
EU00083,EM0083,401.85,12,963.14
EU00084,EM0084,239.08,7,4127.75
EU00085,EM0085,158.6,22,4897.09
EU00086,EM0086,273.79,20,2304.15
EU00087,EM0087,109.61,12,3425.58
EU00088,EM0088,223.12,11,4793.69
EU00089,EM0089,415.63,16,4776.51
EU00090,EM0090,234.68,8,1414.35
EU00091,EM0091,230.0,19,1339.46
EU00092,EM0092,231.53,21,973.35
EU00093,EM0093,270.75,11,570.67
EU00094,EM0094,111.96,16,5449.02
EU00095,EM0095,188.38,18,554.56
EU00096,EM0096,489.78,19,1547.6
EU00097,EM0097,86.37,17,4026.56
EU00098,EM0098,354.19,20,3161.14
EU00099,EM0099,297.39,12,1677.55
EU00100,EM0100,161.93,15,1091.67
EU00101,EM0101,418.8,14,772.34
EU00102,EM0102,274.95,23,1929.07
EU00103,EM0103,239.64,10,3827.38
EU00104,EM0104,337.57,8,950.82
EU00105,EM0105,61.1,16,5431.78
EU00106,EM0106,54.05,19,4397.48
EU00107,EM0107,230.39,23,4436.49
EU00108,EM0108,452.0,11,1633.14
EU00109,EM0109,207.46,21,2639.75
EU00110,EM0110,173.6,24,3817.69
EU00111,EM0111,158.66,22,1021.23
EU00112,EM0112,139.68,7,5021.72
EU00113,EM0113,266.15,17,2732.34
EU00114,EM0114,232.37,11,1118.7
EU00115,EM0115,315.67,8,4586.59
EU00116,EM0116,158.91,23,2333.04
EU00117,EM0117,219.67,23,4812.24
EU00118,EM0118,321.4,16,5783.88
EU00119,EM0119,318.94,7,5648.04
EU00120,EM0120,83.47,24,2088.65
EU00121,EM0121,105.08,18,5633.4
EU00122,EM0122,195.14,10,1448.65
EU00123,EM0123,430.93,22,1187.85
EU00124,EM0124,93.29,15,3492.54
EU00125,EM0125,107.33,22,2243.85
EU00126,EM0126,218.48,17,5423.48
EU00127,EM0127,201.52,19,2239.59
EU00128,EM0128,420.72,16,4853.23
EU00129,EM0129,220.09,19,1979.33
EU00130,EM0130,461.8,21,3449.06
EU00131,EM0131,253.6,16,5111.55
EU00132,EM0132,288.58,24,4770.81
EU00133,EM0133,214.63,7,2770.75
EU00134,EM0134,318.18,17,3800.36
EU00135,EM0135,238.57,8,4439.66
EU00136,EM0136,159.24,23,2223.8
EU00137,EM0137,198.83,9,3033.81
EU00138,EM0138,255.93,17,2910.56
EU00139,EM0139,450.73,8,773.35
EU00140,EM0140,246.01,15,3256.54
EU00141,EM0141,181.81,7,2629.76
EU00142,EM0142,466.25,18,5671.81
EU00143,EM0143,220.71,14,3057.73
EU00144,EM0144,332.07,23,4958.9
EU00145,EM0145,316.86,16,5234.81
EU00146,EM0146,399.79,14,1750.79
EU00147,EM0147,228.64,16,5237.07
EU00148,EM0148,75.7,17,3682.39
EU00149,EM0149,494.07,16,3580.7
EU00150,EM0150,469.36,10,2309.57
EU00151,EM0151,436.75,18,1617.28
EU00152,EM0152,428.79,17,3815.35
EU00153,EM0153,156.58,13,2401.98
EU00154,EM0154,72.49,7,3666.8
EU00155,EM0155,393.24,18,2623.54
EU00156,EM0156,416.13,15,969.43
EU00157,EM0157,359.31,17,3102.84
EU00158,EM0158,195.83,17,2322.31
EU00159,EM0159,159.24,15,5890.82
EU00160,EM0160,93.25,10,3638.09
EU00161,EM0161,198.78,16,3124.39
EU00162,EM0162,103.75,6,4633.85
EU00163,EM0163,187.36,8,4908.13
EU00164,EM0164,211.83,6,5903.74
EU00165,EM0165,437.16,16,3355.77
EU00166,EM0166,320.97,12,5198.68
EU00167,EM0167,290.62,12,1168.48
EU00168,EM0168,480.67,9,5677.62
EU00169,EM0169,439.14,23,2727.24
EU00170,EM0170,189.48,24,2318.62
EU00171,EM0171,461.45,21,873.79
EU00172,EM0172,243.81,19,3820.69
EU00173,EM0173,362.78,20,2163.11
EU00174,EM0174,367.64,6,3674.02
EU00175,EM0175,280.83,21,4648.55
EU00176,EM0176,463.75,12,4317.95
EU00177,EM0177,452.3,8,3023.63
EU00178,EM0178,275.73,13,1534.82
EU00179,EM0179,211.78,21,3949.26
EU00180,EM0180,233.09,23,3116.98
EU00181,EM0181,400.88,7,5011.49
EU00182,EM0182,329.01,24,1186.66
EU00183,EM0183,211.99,21,4577.32
EU00184,EM0184,166.06,22,822.6
EU00185,EM0185,330.64,15,3507.94
EU00186,EM0186,135.29,11,1808.71
EU00187,EM0187,219.91,16,5614.82
EU00188,EM0188,123.29,13,4303.59
EU00189,EM0189,223.72,22,2597.26
EU00190,EM0190,291.04,23,2375.69
EU00191,EM0191,186.02,9,1644.4
EU00192,EM0192,253.83,10,4138.67
EU00193,EM0193,197.76,23,4602.68
EU00194,EM0194,378.87,9,3853.07
EU00195,EM0195,442.2,23,4630.67
EU00196,EM0196,150.73,23,3541.31
EU00197,EM0197,415.51,20,1321.89
EU00198,EM0198,461.84,24,1307.91
EU00199,EM0199,322.15,6,2096.36
EU00200,EM0200,302.46,19,4962.1
EU00201,EM0201,362.61,9,4500.32
EU00202,EM0202,404.81,15,4135.24
EU00203,EM0203,413.78,19,3351.84
EU00204,EM0204,257.77,16,4351.12
EU00205,EM0205,454.44,15,4818.74
EU00206,EM0206,189.33,20,4906.84
EU00207,EM0207,299.23,7,1258.68
EU00208,EM0208,75.68,14,4776.92
EU00209,EM0209,373.54,7,2510.87
EU00210,EM0210,336.89,15,2847.56
EU00211,EM0211,119.53,6,2692.28
EU00212,EM0212,438.32,8,5711.44
EU00213,EM0213,496.92,17,2659.89
EU00214,EM0214,195.8,18,1563.0
EU00215,EM0215,98.5,7,5068.91
EU00216,EM0216,425.01,21,1104.13
EU00217,EM0217,135.06,15,4139.69
EU00218,EM0218,100.52,15,3943.43
EU00219,EM0219,385.23,9,1299.51
EU00220,EM0220,121.84,22,2326.81
EU00221,EM0221,55.85,15,4215.85
EU00222,EM0222,333.82,22,5670.18
EU00223,EM0223,466.79,16,3330.28
EU00224,EM0224,205.72,15,3020.93
EU00225,EM0225,257.74,16,2622.8
EU00226,EM0226,277.41,16,4222.56
EU00227,EM0227,123.62,10,2352.18
EU00228,EM0228,72.45,16,3841.03
EU00229,EM0229,147.61,14,5192.96
EU00230,EM0230,488.44,21,3025.59
EU00231,EM0231,385.04,14,2467.5
EU00232,EM0232,227.37,21,4484.46
EU00233,EM0233,73.6,18,3568.65
EU00234,EM0234,423.26,14,984.66
EU00235,EM0235,51.2,8,3920.84
EU00236,EM0236,277.12,14,3667.34
EU00237,EM0237,232.41,8,5501.91
EU00238,EM0238,220.98,12,1998.01
EU00239,EM0239,118.59,14,4348.48
EU00240,EM0240,66.17,9,2117.1
EU00241,EM0241,210.36,17,3191.63
EU00242,EM0242,62.66,22,2098.43
EU00243,EM0243,402.86,15,4002.89
EU00244,EM0244,316.3,9,2368.74
EU00245,EM0245,114.89,16,5508.35
EU00246,EM0246,426.44,11,1113.05
EU00247,EM0247,306.1,8,573.59
EU00248,EM0248,265.25,9,2421.44
EU00249,EM0249,74.01,15,957.33
EU00250,EM0250,480.98,6,1440.24
EU00251,EM0251,185.83,6,3143.77
EU00252,EM0252,112.82,11,5738.09
EU00253,EM0253,159.02,12,4013.57
EU00254,EM0254,321.16,16,5526.98
EU00255,EM0255,206.42,16,4893.26
EU00256,EM0256,253.09,22,4895.89
EU00257,EM0257,357.14,17,1892.56
EU00258,EM0258,410.35,24,2420.43
EU00259,EM0259,237.69,10,5191.65
EU00260,EM0260,305.95,16,2150.83
EU00261,EM0261,402.06,18,4196.38
EU00262,EM0262,356.21,13,4363.61
EU00263,EM0263,262.95,22,4709.1
EU00264,EM0264,362.05,19,1754.38
EU00265,EM0265,131.85,21,3714.14
EU00266,EM0266,380.59,15,3765.92
EU00267,EM0267,109.82,12,1988.44
EU00268,EM0268,144.34,18,1602.39
EU00269,EM0269,313.04,16,5829.52
EU00270,EM0270,497.76,22,533.68
EU00271,EM0271,318.87,20,805.57
EU00272,EM0272,414.44,22,5772.21
EU00273,EM0273,362.78,6,1562.49
EU00274,EM0274,388.76,24,2249.56
EU00275,EM0275,165.92,9,1069.87
EU00276,EM0276,494.98,21,2582.11
EU00277,EM0277,193.74,7,5243.28
EU00278,EM0278,400.52,18,4634.05
EU00279,EM0279,484.21,7,4365.3
EU00280,EM0280,134.02,24,3925.84
EU00281,EM0281,179.42,19,3548.41
EU00282,EM0282,398.94,17,806.79
EU00283,EM0283,365.07,19,2890.21
EU00284,EM0284,309.73,9,1829.35
EU00285,EM0285,278.89,12,5451.16
EU00286,EM0286,64.89,9,4455.66
EU00287,EM0287,491.63,14,1244.31
EU00288,EM0288,306.9,15,4689.21
EU00289,EM0289,445.26,15,832.29
EU00290,EM0290,88.1,18,2501.96
EU00291,EM0291,430.06,20,1204.49
EU00292,EM0292,198.58,16,5611.79
EU00293,EM0293,428.25,14,4502.48
EU00294,EM0294,110.79,11,5503.35
EU00295,EM0295,174.25,17,3638.19
EU00296,EM0296,356.92,11,1567.04
EU00297,EM0297,426.96,21,3259.39
EU00298,EM0298,313.46,21,679.39
EU00299,EM0299,340.41,17,5543.68
EU00300,EM0300,394.64,7,3759.52
EU00301,EM0301,95.41,21,1046.94
EU00302,EM0302,363.85,10,1961.61
EU00303,EM0303,197.35,13,4010.27
EU00304,EM0304,90.72,14,4473.84
EU00305,EM0305,326.97,20,4072.47
EU00306,EM0306,243.61,18,944.7
EU00307,EM0307,241.78,22,2319.31
EU00308,EM0308,258.61,11,3701.89
EU00309,EM0309,371.54,17,2752.18
EU00310,EM0310,190.11,14,3039.84
EU00311,EM0311,53.28,21,3395.43
EU00312,EM0312,282.63,22,2280.07
EU00313,EM0313,58.56,9,3641.35
EU00314,EM0314,87.45,13,5404.2
EU00315,EM0315,117.52,18,5815.24
EU00316,EM0316,414.44,19,1078.61
EU00317,EM0317,491.71,24,3350.58
EU00318,EM0318,333.15,20,3070.76
EU00319,EM0319,389.4,9,1517.64
EU00320,EM0320,495.24,14,3611.12
EU00321,EM0321,457.82,23,1526.43
EU00322,EM0322,345.67,11,3818.48
EU00323,EM0323,72.33,23,3085.94
EU00324,EM0324,219.66,15,5216.39
EU00325,EM0325,320.96,11,3755.25
EU00326,EM0326,229.19,12,4132.52
EU00327,EM0327,53.22,9,3405.49
EU00328,EM0328,229.69,13,1821.14
EU00329,EM0329,96.08,21,5342.88
EU00330,EM0330,386.91,21,3994.92
EU00331,EM0331,273.17,16,5155.68
EU00332,EM0332,201.62,24,4794.9
EU00333,EM0333,419.04,17,5281.06
EU00334,EM0334,265.11,18,3585.1
EU00335,EM0335,245.03,12,1046.84
EU00336,EM0336,322.82,8,1077.74
EU00337,EM0337,434.32,17,2764.52
EU00338,EM0338,340.3,16,1501.83
EU00339,EM0339,371.91,9,3258.59
EU00340,EM0340,464.82,22,3381.88
EU00341,EM0341,497.42,23,5173.23
EU00342,EM0342,95.57,7,3729.38
EU00343,EM0343,157.21,9,2777.57
EU00344,EM0344,67.81,8,3663.87
EU00345,EM0345,497.79,20,3461.84
EU00346,EM0346,134.8,16,959.37
EU00347,EM0347,132.41,8,1223.71
EU00348,EM0348,495.14,24,4361.14
EU00349,EM0349,135.02,21,5601.93
EU00350,EM0350,253.47,23,4487.21
EU00351,EM0351,315.87,8,5781.44
EU00352,EM0352,428.41,19,4860.49
EU00353,EM0353,395.14,11,3874.09
EU00354,EM0354,416.34,11,2136.82
EU00355,EM0355,51.86,15,5017.09
EU00356,EM0356,435.26,16,2887.09
EU00357,EM0357,442.46,12,4688.12
EU00358,EM0358,380.87,11,858.08
EU00359,EM0359,443.71,8,1476.89
EU00360,EM0360,65.21,16,2112.25
EU00361,EM0361,339.1,8,4398.39
EU00362,EM0362,329.04,21,2146.82
EU00363,EM0363,293.13,8,981.0
EU00364,EM0364,85.81,20,3595.38
EU00365,EM0365,302.57,18,4468.67
EU00366,EM0366,338.36,8,3019.48
EU00367,EM0367,450.02,10,5090.29
EU00368,EM0368,314.64,24,5508.73
EU00369,EM0369,243.05,15,5552.72
EU00370,EM0370,372.02,7,2168.35
EU00371,EM0371,332.75,9,5673.53
EU00372,EM0372,137.67,22,3297.23
EU00373,EM0373,109.33,21,2478.94
EU00374,EM0374,273.05,24,1256.92
EU00375,EM0375,119.56,16,3577.97
EU00376,EM0376,378.37,8,2492.18
EU00377,EM0377,88.77,14,4954.6
EU00378,EM0378,121.01,6,3264.33
EU00379,EM0379,135.58,17,3665.51
EU00380,EM0380,206.11,14,4908.72
EU00381,EM0381,247.5,10,3416.59
EU00382,EM0382,354.27,14,4138.01
EU00383,EM0383,392.45,9,1822.82
EU00384,EM0384,268.49,10,5318.96
EU00385,EM0385,479.86,12,2896.4
EU00386,EM0386,262.98,23,3832.83
EU00387,EM0387,203.4,12,5314.28
EU00388,EM0388,87.81,10,811.27
EU00389,EM0389,451.01,22,2849.85
EU00390,EM0390,105.67,22,5346.61
EU00391,EM0391,170.46,9,4074.69
EU00392,EM0392,229.59,16,5826.56
EU00393,EM0393,430.19,13,4113.34
EU00394,EM0394,376.3,24,5399.99
EU00395,EM0395,231.24,14,3961.61
EU00396,EM0396,86.4,24,4240.57
EU00397,EM0397,344.71,18,4416.01
EU00398,EM0398,232.83,21,2258.24
EU00399,EM0399,257.97,16,2754.69
EU00400,EM0400,379.4,12,1292.47
EU00401,EM0401,258.75,6,5346.47
EU00402,EM0402,247.92,10,2986.47
EU00403,EM0403,498.29,6,1983.33
EU00404,EM0404,347.55,19,2659.11
EU00405,EM0405,416.51,21,3771.55
EU00406,EM0406,432.41,11,2211.94
EU00407,EM0407,234.98,19,1649.52
EU00408,EM0408,306.01,8,768.02
EU00409,EM0409,427.1,9,1185.39
EU00410,EM0410,244.52,14,3571.52
EU00411,EM0411,234.36,12,1890.99
EU00412,EM0412,226.8,7,3600.1
EU00413,EM0413,219.8,7,2955.51
EU00414,EM0414,403.75,10,3469.29
EU00415,EM0415,172.93,7,3021.79
EU00416,EM0416,197.19,10,4054.61
EU00417,EM0417,352.47,19,2949.86
EU00418,EM0418,87.75,14,5850.59
EU00419,EM0419,233.27,7,1759.51
EU00420,EM0420,350.39,10,2839.97
EU00421,EM0421,332.65,23,2855.09
EU00422,EM0422,454.08,11,4467.49
EU00423,EM0423,164.4,15,2074.4
EU00424,EM0424,227.98,8,2664.27
EU00425,EM0425,416.79,8,2044.03
EU00426,EM0426,177.22,13,5427.47
EU00427,EM0427,390.5,24,4104.86
EU00428,EM0428,234.8,18,2774.81
EU00429,EM0429,93.8,13,4867.33
EU00430,EM0430,496.51,13,1690.87
EU00431,EM0431,371.72,6,507.62
EU00432,EM0432,241.35,12,4417.15
EU00433,EM0433,278.38,16,4582.33
EU00434,EM0434,436.78,22,900.85
EU00435,EM0435,111.42,22,4439.11
EU00436,EM0436,273.01,12,3945.62
EU00437,EM0437,67.96,24,1197.95
EU00438,EM0438,323.03,21,4558.62
EU00439,EM0439,455.0,12,3820.16
EU00440,EM0440,176.6,6,1182.82
EU00441,EM0441,222.85,14,4567.22
EU00442,EM0442,364.0,19,5352.02
EU00443,EM0443,484.2,20,1520.76
EU00444,EM0444,319.27,12,2751.89
EU00445,EM0445,82.99,11,3328.6
EU00446,EM0446,497.95,13,3912.56
EU00447,EM0447,355.29,12,5957.75
EU00448,EM0448,124.26,17,4093.7
EU00449,EM0449,76.68,12,2504.43
EU00450,EM0450,415.56,10,849.38
EU00451,EM0451,273.75,21,5060.42
EU00452,EM0452,377.91,22,628.9
EU00453,EM0453,323.31,13,1144.14
EU00454,EM0454,244.88,6,2233.83
EU00455,EM0455,407.03,20,3981.41
EU00456,EM0456,80.74,7,2103.94
EU00457,EM0457,103.43,13,1966.26
EU00458,EM0458,307.8,7,2259.45
EU00459,EM0459,149.92,20,1233.56
EU00460,EM0460,127.51,20,4017.31
EU00461,EM0461,171.04,21,1485.79
EU00462,EM0462,336.27,9,4474.24
EU00463,EM0463,267.69,18,3014.12
EU00464,EM0464,473.39,23,4764.94
EU00465,EM0465,277.01,11,1912.36
EU00466,EM0466,141.7,23,2237.37
EU00467,EM0467,264.97,8,5083.97
EU00468,EM0468,446.66,11,4393.68
EU00469,EM0469,423.85,24,2369.71
EU00470,EM0470,304.65,19,1578.54
EU00471,EM0471,388.34,9,1459.03
EU00472,EM0472,354.25,24,3391.05
EU00473,EM0473,449.88,6,1351.38
EU00474,EM0474,51.04,17,2147.11
EU00475,EM0475,100.12,13,3804.83
EU00476,EM0476,397.59,23,2537.06
EU00477,EM0477,189.72,16,1321.64
EU00478,EM0478,359.71,20,1690.1
EU00479,EM0479,62.66,14,5453.19
EU00480,EM0480,127.99,6,5840.71
EU00481,EM0481,78.57,7,2209.78
EU00482,EM0482,231.43,23,5836.27
EU00483,EM0483,122.63,17,5809.19
EU00484,EM0484,126.93,20,583.2
EU00485,EM0485,313.93,8,4176.56
EU00486,EM0486,71.81,7,1387.67
EU00487,EM0487,305.2,9,662.24
EU00488,EM0488,246.02,24,3934.48
EU00489,EM0489,415.07,23,3982.48
EU00490,EM0490,443.96,22,694.51
EU00491,EM0491,449.15,14,1870.85
EU00492,EM0492,313.65,12,3052.96
EU00493,EM0493,471.54,17,517.94
EU00494,EM0494,53.84,24,623.88
EU00495,EM0495,81.9,6,1936.0
EU00496,EM0496,253.98,9,1249.92
EU00497,EM0497,185.18,22,5222.72
EU00498,EM0498,266.33,6,5755.42
EU00499,EM0499,359.97,19,2544.97
EU00500,EM0500,141.17,12,4846.03
EU00501,EM0501,155.61,16,2939.45
EU00502,EM0502,480.83,6,1742.43
EU00503,EM0503,235.09,13,2623.58
EU00504,EM0504,454.24,23,1037.14
EU00505,EM0505,81.97,15,5645.67
EU00506,EM0506,377.07,10,2866.75
EU00507,EM0507,56.04,22,2636.64
EU00508,EM0508,52.72,18,3168.75
EU00509,EM0509,456.77,17,2922.99
EU00510,EM0510,76.01,19,4893.0
EU00511,EM0511,476.75,18,3473.35
EU00512,EM0512,66.57,17,2191.89
EU00513,EM0513,227.66,10,923.6
EU00514,EM0514,256.19,24,4301.34
EU00515,EM0515,333.42,17,1949.99
EU00516,EM0516,377.05,22,5939.31
EU00517,EM0517,97.17,16,3908.08
EU00518,EM0518,345.19,12,5147.04
EU00519,EM0519,237.05,7,2984.29
EU00520,EM0520,358.98,7,2737.98
EU00521,EM0521,103.63,9,3755.1
EU00522,EM0522,124.63,7,5053.72
EU00523,EM0523,170.19,7,1763.99
EU00524,EM0524,264.07,6,4978.23
EU00525,EM0525,484.3,21,2729.53
EU00526,EM0526,245.49,11,2324.23
EU00527,EM0527,402.5,17,2773.31
EU00528,EM0528,411.83,12,3353.09
EU00529,EM0529,106.4,23,1346.61
EU00530,EM0530,429.2,12,5986.92
EU00531,EM0531,161.45,22,3821.55
EU00532,EM0532,358.27,19,4301.12
EU00533,EM0533,465.32,18,3540.99
EU00534,EM0534,347.37,24,2612.09
EU00535,EM0535,321.15,8,5004.26
EU00536,EM0536,107.85,22,2347.96
EU00537,EM0537,476.29,10,2376.09
EU00538,EM0538,288.89,9,3134.74
EU00539,EM0539,432.29,22,3754.16
EU00540,EM0540,239.2,12,680.09
EU00541,EM0541,388.5,7,1274.66
EU00542,EM0542,458.23,15,3155.75
EU00543,EM0543,326.61,10,2698.21
EU00544,EM0544,90.45,20,2990.78
EU00545,EM0545,315.39,8,1016.49
EU00546,EM0546,134.69,13,3925.26
EU00547,EM0547,491.14,15,597.9
EU00548,EM0548,363.1,18,1526.7
EU00549,EM0549,288.24,14,562.73
EU00550,EM0550,460.64,19,1084.04
EU00551,EM0551,499.41,14,2703.59
EU00552,EM0552,138.42,13,706.38
EU00553,EM0553,146.63,15,1845.04
EU00554,EM0554,465.48,10,913.08
EU00555,EM0555,100.36,17,1625.96
EU00556,EM0556,95.52,23,1621.2
EU00557,EM0557,179.49,21,5143.38
EU00558,EM0558,232.52,16,835.32
EU00559,EM0559,56.26,10,5172.85
EU00560,EM0560,181.03,9,2474.96
EU00561,EM0561,263.21,6,5967.99
EU00562,EM0562,217.37,14,3756.55
EU00563,EM0563,79.99,9,4086.26
EU00564,EM0564,138.11,14,3264.69
EU00565,EM0565,450.61,17,2783.91
EU00566,EM0566,403.7,6,2938.42
EU00567,EM0567,105.6,18,5691.27
EU00568,EM0568,381.9,14,5986.51
EU00569,EM0569,201.59,23,4169.71
EU00570,EM0570,482.47,11,933.65
EU00571,EM0571,291.97,10,3799.33
EU00572,EM0572,246.79,6,5848.41
EU00573,EM0573,143.57,9,3793.02
EU00574,EM0574,206.07,17,5816.0
EU00575,EM0575,193.37,8,1849.14
EU00576,EM0576,333.23,20,5935.46
EU00577,EM0577,397.82,20,3039.54
EU00578,EM0578,420.61,6,4105.43
EU00579,EM0579,291.25,17,2431.5
EU00580,EM0580,365.76,13,4684.08
EU00581,EM0581,242.19,9,4337.92
EU00582,EM0582,426.66,7,2711.0
EU00583,EM0583,239.73,10,3636.42
EU00584,EM0584,185.28,23,1318.44
EU00585,EM0585,242.89,17,4470.01
EU00586,EM0586,358.17,18,699.71
EU00587,EM0587,330.6,6,3185.29
EU00588,EM0588,106.67,8,1183.32
EU00589,EM0589,227.22,22,1275.1
EU00590,EM0590,184.56,6,5323.55
EU00591,EM0591,434.17,20,5916.35
EU00592,EM0592,461.81,22,1016.13
EU00593,EM0593,153.68,18,723.83
EU00594,EM0594,330.7,8,867.35
EU00595,EM0595,139.12,9,3206.13
EU00596,EM0596,199.12,6,3126.3
EU00597,EM0597,364.74,23,770.82
EU00598,EM0598,290.91,24,2816.5
EU00599,EM0599,190.01,23,5513.52
EU00600,EM0600,231.82,13,2611.37
EU00601,EM0601,375.49,21,3273.19
EU00602,EM0602,301.53,17,2715.65
EU00603,EM0603,206.08,12,2588.37
EU00604,EM0604,316.56,7,5646.07
EU00605,EM0605,397.17,19,2899.42
EU00606,EM0606,442.96,20,2578.55
EU00607,EM0607,53.25,12,3536.29
EU00608,EM0608,94.99,23,1513.25
EU00609,EM0609,448.04,21,1834.02
EU00610,EM0610,270.5,20,2820.83
EU00611,EM0611,252.04,23,5351.27
EU00612,EM0612,187.4,17,3817.72
EU00613,EM0613,295.53,14,4534.35
EU00614,EM0614,370.35,12,1659.07
EU00615,EM0615,296.27,18,2631.44
EU00616,EM0616,123.55,16,1909.78
EU00617,EM0617,268.0,8,989.23
EU00618,EM0618,210.68,22,5792.09
EU00619,EM0619,116.26,21,5786.47
EU00620,EM0620,249.91,11,5201.94
EU00621,EM0621,271.01,18,1569.56
EU00622,EM0622,60.74,21,3404.81
EU00623,EM0623,320.17,14,583.94
EU00624,EM0624,452.36,19,3111.13
EU00625,EM0625,295.32,8,1531.73
EU00626,EM0626,114.79,17,3004.59
EU00627,EM0627,76.92,17,5178.19
EU00628,EM0628,83.31,11,4564.51
EU00629,EM0629,66.94,22,4797.25
EU00630,EM0630,346.54,13,2334.58
EU00631,EM0631,227.87,20,1323.9
EU00632,EM0632,165.96,22,2714.8
EU00633,EM0633,380.88,13,3123.46
EU00634,EM0634,170.95,23,5969.33
EU00635,EM0635,325.03,14,3862.98
EU00636,EM0636,267.91,13,2662.67
EU00637,EM0637,293.8,12,1606.32
EU00638,EM0638,432.56,18,3707.47
EU00639,EM0639,424.12,13,5667.85
EU00640,EM0640,330.05,15,3631.25
EU00641,EM0641,225.42,13,1008.82
EU00642,EM0642,406.66,24,885.62
EU00643,EM0643,339.91,18,4770.85
EU00644,EM0644,232.4,21,5415.62
EU00645,EM0645,94.67,22,5214.68
EU00646,EM0646,448.49,11,3348.78
EU00647,EM0647,92.2,10,3080.87
EU00648,EM0648,284.1,22,1090.53
EU00649,EM0649,245.27,8,4391.84
EU00650,EM0650,498.36,15,622.27
EU00651,EM0651,240.35,22,5429.23
EU00652,EM0652,371.27,7,1892.54
EU00653,EM0653,83.2,20,5837.34
EU00654,EM0654,115.87,20,3887.35
EU00655,EM0655,152.06,6,1812.67
EU00656,EM0656,314.86,10,3421.71
EU00657,EM0657,235.88,24,3873.49
EU00658,EM0658,342.36,8,2626.95
EU00659,EM0659,202.48,15,4001.34
EU00660,EM0660,493.69,14,4090.99
EU00661,EM0661,261.09,16,2098.09
EU00662,EM0662,143.07,11,3888.37
EU00663,EM0663,470.86,18,5533.02
EU00664,EM0664,345.56,17,2168.7
EU00665,EM0665,317.53,23,4710.09
EU00666,EM0666,325.09,16,3010.17
EU00667,EM0667,336.57,18,2204.72
EU00668,EM0668,232.71,15,5608.26
EU00669,EM0669,52.02,7,3805.05
EU00670,EM0670,350.44,15,2894.05
EU00671,EM0671,487.11,6,2989.55
EU00672,EM0672,366.69,15,5384.11
EU00673,EM0673,146.6,18,4785.11
EU00674,EM0674,449.39,18,3685.54
EU00675,EM0675,378.84,18,667.06
EU00676,EM0676,80.14,15,5661.55
EU00677,EM0677,169.32,21,5304.03
EU00678,EM0678,429.98,21,1434.89
EU00679,EM0679,419.36,6,1106.65
EU00680,EM0680,439.79,20,2671.27
EU00681,EM0681,276.49,7,1444.33
EU00682,EM0682,490.54,13,1842.03
EU00683,EM0683,430.18,10,942.3
EU00684,EM0684,283.28,21,1392.6
EU00685,EM0685,251.49,8,1009.3
EU00686,EM0686,136.16,9,4311.65
EU00687,EM0687,206.15,22,3505.75
EU00688,EM0688,342.21,9,2280.01
EU00689,EM0689,224.55,12,1961.75
EU00690,EM0690,275.96,22,4560.34
EU00691,EM0691,419.7,15,2327.31
EU00692,EM0692,236.91,12,2899.07
EU00693,EM0693,452.68,23,3839.06
EU00694,EM0694,72.91,13,3770.39
EU00695,EM0695,183.56,8,4026.92
EU00696,EM0696,134.54,6,1996.66
EU00697,EM0697,234.27,17,1266.62
EU00698,EM0698,240.41,15,3992.26
EU00699,EM0699,366.03,24,4455.03
EU00700,EM0700,436.4,20,5259.59
EU00701,EM0701,472.97,8,3942.58
EU00702,EM0702,282.34,8,1864.67
EU00703,EM0703,208.23,21,5959.46
EU00704,EM0704,119.07,14,1440.87
EU00705,EM0705,120.19,21,5206.2
EU00706,EM0706,434.93,7,3164.63
EU00707,EM0707,456.25,15,4263.81
EU00708,EM0708,98.79,6,5869.67
EU00709,EM0709,494.24,7,1258.75
EU00710,EM0710,273.31,21,584.79
EU00711,EM0711,414.58,12,4255.96
EU00712,EM0712,151.9,12,4005.74
EU00713,EM0713,160.04,17,1004.31
EU00714,EM0714,238.93,7,626.31
EU00715,EM0715,437.72,20,3399.52
EU00716,EM0716,129.86,12,4949.96
EU00717,EM0717,217.19,23,2485.24
EU00718,EM0718,206.68,8,2253.57
EU00719,EM0719,63.67,22,3841.74
EU00720,EM0720,288.36,8,4802.29
EU00721,EM0721,359.82,23,1118.0
EU00722,EM0722,70.62,7,2820.05
EU00723,EM0723,436.96,24,1258.34
EU00724,EM0724,497.81,17,4436.6
EU00725,EM0725,156.92,10,4962.18
EU00726,EM0726,325.5,6,5153.73
EU00727,EM0727,165.82,9,1159.93
EU00728,EM0728,272.73,11,3957.79
EU00729,EM0729,300.2,24,3736.53
EU00730,EM0730,414.06,13,5803.03
EU00731,EM0731,72.65,19,3837.28
EU00732,EM0732,52.59,22,4823.69
EU00733,EM0733,215.78,7,5264.64
EU00734,EM0734,347.55,21,5061.84
EU00735,EM0735,291.88,18,1366.3
EU00736,EM0736,190.64,16,3311.72
EU00737,EM0737,191.74,19,4104.77
EU00738,EM0738,409.71,16,5668.95
EU00739,EM0739,470.3,6,1140.18
EU00740,EM0740,478.55,22,4977.08
EU00741,EM0741,451.81,13,5061.21
EU00742,EM0742,275.71,24,3832.97
EU00743,EM0743,332.82,21,997.42
EU00744,EM0744,108.01,10,773.72
EU00745,EM0745,286.87,13,2097.9
EU00746,EM0746,342.74,16,1305.99
EU00747,EM0747,354.61,22,2139.98
EU00748,EM0748,266.75,6,4412.11
EU00749,EM0749,269.6,16,5061.19
EU00750,EM0750,100.29,6,3344.64
EU00751,EM0751,283.08,24,4579.8
EU00752,EM0752,318.47,6,3188.18
EU00753,EM0753,268.95,19,5092.21
EU00754,EM0754,219.75,8,5931.36
EU00755,EM0755,113.08,19,744.9
EU00756,EM0756,196.28,22,1928.23
EU00757,EM0757,458.35,15,5715.24
EU00758,EM0758,418.78,18,4268.04
EU00759,EM0759,480.47,18,780.12
EU00760,EM0760,475.76,15,651.48
EU00761,EM0761,423.26,7,900.87
EU00762,EM0762,231.42,18,1198.4
EU00763,EM0763,448.56,15,3377.92
EU00764,EM0764,107.05,20,4066.95
EU00765,EM0765,265.64,14,1108.69
EU00766,EM0766,464.89,17,5763.47
EU00767,EM0767,228.06,20,1372.61
EU00768,EM0768,476.45,9,2521.72
EU00769,EM0769,254.15,14,964.19
EU00770,EM0770,464.43,17,3991.05
EU00771,EM0771,210.53,12,2537.2
EU00772,EM0772,261.96,10,640.8
EU00773,EM0773,252.67,15,4651.56
EU00774,EM0774,351.09,22,1486.03
EU00775,EM0775,282.7,13,3368.92
EU00776,EM0776,290.07,23,3746.28
EU00777,EM0777,131.87,21,3677.97
EU00778,EM0778,256.7,19,1727.49
EU00779,EM0779,472.7,7,862.54
EU00780,EM0780,220.47,11,3204.28
EU00781,EM0781,242.3,17,4853.97
EU00782,EM0782,360.33,13,1409.33
EU00783,EM0783,219.39,17,721.92
EU00784,EM0784,190.39,15,4963.37
EU00785,EM0785,416.36,16,5583.37
EU00786,EM0786,240.47,8,2247.36
EU00787,EM0787,426.94,15,3945.61
EU00788,EM0788,491.6,9,2542.47
EU00789,EM0789,285.15,18,5471.9
EU00790,EM0790,104.5,11,5622.37
EU00791,EM0791,304.41,20,5728.22
EU00792,EM0792,268.88,7,815.04
EU00793,EM0793,314.5,23,3648.52
EU00794,EM0794,415.86,17,2090.95
EU00795,EM0795,411.86,20,4794.48
EU00796,EM0796,152.04,13,2216.42
EU00797,EM0797,445.17,19,1442.71
EU00798,EM0798,183.86,19,4487.76
EU00799,EM0799,338.27,9,5988.68
EU00800,EM0800,77.19,14,5160.56
EU00801,EM0801,64.14,24,2307.09
EU00802,EM0802,366.13,16,1933.67
EU00803,EM0803,221.94,13,4857.59
EU00804,EM0804,246.27,22,5751.26
EU00805,EM0805,106.19,7,5432.87
EU00806,EM0806,101.82,12,979.37
EU00807,EM0807,61.53,8,2848.04
EU00808,EM0808,376.27,19,4332.11
EU00809,EM0809,422.07,24,2043.36
EU00810,EM0810,65.76,19,2594.63
EU00811,EM0811,232.15,13,1749.49
EU00812,EM0812,285.82,23,2294.56
EU00813,EM0813,368.03,10,5435.04
EU00814,EM0814,413.33,23,3948.73
EU00815,EM0815,427.3,12,4732.15
EU00816,EM0816,412.37,10,4416.07
EU00817,EM0817,260.08,20,2925.7
EU00818,EM0818,353.92,16,2002.91
EU00819,EM0819,435.59,10,3252.35
EU00820,EM0820,124.34,22,2238.43
EU00821,EM0821,228.96,15,1034.11
EU00822,EM0822,66.74,19,5708.54
EU00823,EM0823,82.85,8,1426.29
EU00824,EM0824,237.17,12,4762.94
EU00825,EM0825,451.95,7,4956.02
EU00826,EM0826,73.23,14,3166.17
EU00827,EM0827,312.63,23,5051.51
EU00828,EM0828,293.57,9,3016.47
EU00829,EM0829,266.5,22,928.62
EU00830,EM0830,300.46,9,3903.22
EU00831,EM0831,247.94,22,3101.24
EU00832,EM0832,174.87,23,3320.88
EU00833,EM0833,161.32,23,4889.89
EU00834,EM0834,134.56,9,3090.27
EU00835,EM0835,203.18,20,1700.58
EU00836,EM0836,183.75,21,3269.41
EU00837,EM0837,270.44,20,4212.41
EU00838,EM0838,409.87,11,2914.41
EU00839,EM0839,168.38,10,1281.19
EU00840,EM0840,351.0,11,5554.33
EU00841,EM0841,430.3,14,5273.23
EU00842,EM0842,96.49,17,5373.43
EU00843,EM0843,285.84,18,2784.15
EU00844,EM0844,187.54,21,2629.7
EU00845,EM0845,81.77,7,3563.11
EU00846,EM0846,229.18,12,3888.27
EU00847,EM0847,275.93,12,4583.68
EU00848,EM0848,85.67,6,2748.04
EU00849,EM0849,65.2,19,3679.48
EU00850,EM0850,357.44,9,4380.5
EU00851,EM0851,162.69,8,2453.27
EU00852,EM0852,395.75,13,5571.47
EU00853,EM0853,220.69,21,1589.16
EU00854,EM0854,112.21,7,2238.46
EU00855,EM0855,244.51,7,1985.12
EU00856,EM0856,169.78,9,5956.47
EU00857,EM0857,371.76,21,3007.56
EU00858,EM0858,396.19,20,5653.19
EU00859,EM0859,464.59,12,2063.47
EU00860,EM0860,468.35,9,1035.34
EU00861,EM0861,492.2,8,3208.54
EU00862,EM0862,249.98,9,4959.45
EU00863,EM0863,492.33,14,4107.66
EU00864,EM0864,132.97,24,5100.31
EU00865,EM0865,153.63,11,1068.35
EU00866,EM0866,440.1,16,2846.9
EU00867,EM0867,177.97,13,5062.45
EU00868,EM0868,449.58,11,4000.31
EU00869,EM0869,476.77,17,2720.11
EU00870,EM0870,374.21,16,5225.83
EU00871,EM0871,499.73,15,3423.88
EU00872,EM0872,79.99,24,3084.57
EU00873,EM0873,114.34,14,609.49
EU00874,EM0874,498.28,9,2369.91
EU00875,EM0875,330.4,24,4751.0
EU00876,EM0876,172.05,16,4152.8
EU00877,EM0877,292.77,7,2987.99
EU00878,EM0878,251.32,19,5327.32
EU00879,EM0879,250.84,17,5096.91
EU00880,EM0880,95.8,20,1188.79
EU00881,EM0881,261.12,19,2678.56
EU00882,EM0882,224.72,12,5319.91
EU00883,EM0883,390.11,10,3652.13
EU00884,EM0884,275.61,8,3965.85
EU00885,EM0885,73.32,19,1339.73
EU00886,EM0886,216.95,11,5327.17
EU00887,EM0887,342.69,15,3593.15
EU00888,EM0888,496.87,20,1649.16
EU00889,EM0889,255.74,14,5166.01
EU00890,EM0890,374.08,16,4982.1
EU00891,EM0891,305.01,6,2991.02
EU00892,EM0892,161.97,14,1671.14
EU00893,EM0893,240.12,16,1314.98
EU00894,EM0894,308.93,17,944.71
EU00895,EM0895,330.8,8,4752.7
EU00896,EM0896,438.3,23,915.01
EU00897,EM0897,401.23,11,5564.37
EU00898,EM0898,199.32,23,3301.2
EU00899,EM0899,261.42,10,5050.72
EU00900,EM0900,304.23,14,5564.76
EU00901,EM0901,112.18,22,4424.61
EU00902,EM0902,250.75,7,5926.14
EU00903,EM0903,290.08,16,5191.39
EU00904,EM0904,452.04,16,4725.15
EU00905,EM0905,341.67,17,2413.19
EU00906,EM0906,488.02,10,1663.17
EU00907,EM0907,88.71,12,513.69
EU00908,EM0908,96.3,11,2043.0
EU00909,EM0909,452.61,24,3013.31
EU00910,EM0910,393.72,10,1643.6
EU00911,EM0911,414.02,14,522.17
EU00912,EM0912,202.67,23,951.88
EU00913,EM0913,390.7,10,1677.91
EU00914,EM0914,489.83,23,3207.49
EU00915,EM0915,367.93,12,1273.68
EU00916,EM0916,69.39,16,1208.22
EU00917,EM0917,195.35,15,3972.31
EU00918,EM0918,379.59,9,3028.85
EU00919,EM0919,50.99,8,4685.82
EU00920,EM0920,219.48,10,2923.12
EU00921,EM0921,368.64,8,2858.21
EU00922,EM0922,427.04,22,5599.34
EU00923,EM0923,472.82,12,2024.74
EU00924,EM0924,371.59,13,3850.53
EU00925,EM0925,150.21,7,5717.25
EU00926,EM0926,307.67,19,5663.32
EU00927,EM0927,269.16,11,5583.58
EU00928,EM0928,58.82,14,5069.48
EU00929,EM0929,471.86,15,4999.28
EU00930,EM0930,486.42,20,2096.23
EU00931,EM0931,70.26,24,705.07
EU00932,EM0932,84.92,23,5106.86
EU00933,EM0933,270.77,6,930.23
EU00934,EM0934,405.07,20,1447.56
EU00935,EM0935,364.12,19,508.0
EU00936,EM0936,266.58,15,1642.26
EU00937,EM0937,432.45,14,5038.07
EU00938,EM0938,421.12,11,2536.58
EU00939,EM0939,51.12,24,5984.41
EU00940,EM0940,368.64,12,2868.33
EU00941,EM0941,354.41,10,4025.79
EU00942,EM0942,75.96,16,5395.72
EU00943,EM0943,467.36,11,4451.08
EU00944,EM0944,362.29,18,1107.0
EU00945,EM0945,416.76,19,5792.75
EU00946,EM0946,331.13,13,5470.64
EU00947,EM0947,61.06,19,2359.09
EU00948,EM0948,262.0,16,5351.21
EU00949,EM0949,210.51,12,1593.71
EU00950,EM0950,242.77,11,4901.98
EU00951,EM0951,263.97,20,2919.56
EU00952,EM0952,477.83,14,5605.49
EU00953,EM0953,359.92,17,5487.22
EU00954,EM0954,149.33,6,2401.6
EU00955,EM0955,174.84,16,5457.99
EU00956,EM0956,494.53,21,3676.18
EU00957,EM0957,176.93,11,2127.71
EU00958,EM0958,237.38,22,2921.1
EU00959,EM0959,205.09,19,5654.36
EU00960,EM0960,218.85,24,4239.25
EU00961,EM0961,438.17,22,2456.07
EU00962,EM0962,82.79,11,2659.83
EU00963,EM0963,254.09,16,1818.63
EU00964,EM0964,435.5,6,738.69
EU00965,EM0965,403.04,15,3667.91
EU00966,EM0966,252.45,17,1648.6
EU00967,EM0967,241.24,8,2211.85
EU00968,EM0968,325.82,18,5881.07
EU00969,EM0969,242.9,9,3182.35
EU00970,EM0970,463.02,21,1207.81
EU00971,EM0971,264.52,16,4248.52
EU00972,EM0972,237.84,20,2269.29
EU00973,EM0973,280.95,19,624.16
EU00974,EM0974,326.73,16,4400.97
EU00975,EM0975,295.78,23,4785.7
EU00976,EM0976,264.28,22,4232.93
EU00977,EM0977,369.26,12,3429.13
EU00978,EM0978,217.79,18,4728.96
EU00979,EM0979,351.26,14,2370.66
EU00980,EM0980,205.45,6,2679.28
EU00981,EM0981,236.63,24,4212.48
EU00982,EM0982,258.27,18,4177.73
EU00983,EM0983,368.81,16,4486.38
EU00984,EM0984,282.55,10,2581.91
EU00985,EM0985,72.69,8,3274.24
EU00986,EM0986,71.53,13,2727.54
EU00987,EM0987,398.35,9,5490.13
EU00988,EM0988,266.03,15,1693.04
EU00989,EM0989,232.46,21,3295.64
EU00990,EM0990,172.45,10,5248.75
EU00991,EM0991,153.8,6,3375.26
EU00992,EM0992,393.97,20,5680.12
EU00993,EM0993,188.62,8,2118.5
EU00994,EM0994,481.95,7,5491.41
EU00995,EM0995,142.74,7,5972.94
EU00996,EM0996,127.21,10,3231.21
EU00997,EM0997,182.25,13,3780.67
EU00998,EM0998,471.17,6,5646.98
EU00999,EM0999,99.22,14,4613.63
EU01000,EM1000,63.15,16,5461.83
