inspection_id,production_order_id,machine_id,inspected_quantity,accepted_quantity,rejected_quantity,inspection_result
QI000001,PO000001,M003,368,362,6,FAIL
QI000002,PO000002,M006,335,331,4,PASS
QI000003,PO000003,M007,347,341,6,FAIL
QI000004,PO000004,M010,481,476,5,PASS
QI000005,PO000005,M015,279,275,4,PASS
QI000006,PO000006,M017,238,234,4,FAIL
QI000007,PO000007,M001,381,375,6,FAIL
QI000008,PO000008,M006,304,301,3,PASS
QI000009,PO000009,M007,413,407,6,PASS
QI000010,PO000010,M012,450,447,3,PASS
QI000011,PO000011,M014,303,299,4,PASS
QI000012,PO000012,M016,280,276,4,PASS
QI000013,PO000013,M002,388,381,7,FAIL
QI000014,PO000014,M004,343,339,4,PASS
QI000015,PO000015,M007,376,368,8,FAIL
QI000016,PO000016,M011,440,436,4,PASS
QI000017,PO000017,M014,274,271,3,PASS
QI000018,PO000018,M017,269,264,5,FAIL
QI000019,PO000019,M002,364,358,6,FAIL
QI000020,PO000020,M005,346,342,4,PASS
QI000021,PO000021,M007,337,330,7,FAIL
QI000022,PO000022,M012,425,421,4,PASS
QI000023,PO000023,M013,297,293,4,PASS
QI000024,PO000024,M017,251,245,6,FAIL
QI000025,PO000025,M003,399,392,7,FAIL
QI000026,PO000026,M005,345,341,4,PASS
QI000027,PO000027,M009,364,358,6,FAIL
QI000028,PO000028,M012,478,474,4,PASS
QI000029,PO000029,M015,290,287,3,PASS
QI000030,PO000030,M018,249,243,6,FAIL
QI000031,PO000031,M002,402,396,6,PASS
QI000032,PO000032,M006,371,367,4,PASS
QI000033,PO000033,M009,371,365,6,FAIL
QI000034,PO000034,M010,400,396,4,PASS
QI000035,PO000035,M014,302,298,4,PASS
QI000036,PO000036,M016,291,284,7,FAIL
QI000037,PO000037,M003,393,386,7,FAIL
QI000038,PO000038,M006,363,359,4,PASS
QI000039,PO000039,M009,388,382,6,FAIL
QI000040,PO000040,M011,412,407,5,PASS
QI000041,PO000041,M015,335,330,5,PASS
QI000042,PO000042,M018,271,265,6,FAIL
QI000043,PO000043,M003,404,397,7,FAIL
QI000044,PO000044,M004,318,315,3,PASS
QI000045,PO000045,M008,341,335,6,FAIL
QI000046,PO000046,M010,415,411,4,PASS
QI000047,PO000047,M013,322,318,4,PASS
QI000048,PO000048,M016,259,254,5,FAIL
QI000049,PO000049,M003,414,409,5,PASS
QI000050,PO000050,M005,371,368,3,PASS
QI000051,PO000051,M009,344,338,6,FAIL
QI000052,PO000052,M012,492,488,4,PASS
QI000053,PO000053,M015,311,307,4,PASS
QI000054,PO000054,M017,263,259,4,PASS
QI000055,PO000055,M002,356,352,4,PASS
QI000056,PO000056,M006,334,331,3,PASS
QI000057,PO000057,M007,393,386,7,FAIL
QI000058,PO000058,M012,434,430,4,PASS
QI000059,PO000059,M015,292,287,5,FAIL
QI000060,PO000060,M017,281,274,7,FAIL
QI000061,PO000061,M003,422,417,5,PASS
QI000062,PO000062,M006,340,335,5,PASS
QI000063,PO000063,M007,343,336,7,FAIL
QI000064,PO000064,M011,425,420,5,PASS
QI000065,PO000065,M013,278,274,4,PASS
QI000066,PO000066,M018,267,263,4,PASS
QI000067,PO000067,M003,370,364,6,FAIL
QI000068,PO000068,M006,360,356,4,PASS
QI000069,PO000069,M007,363,357,6,FAIL
QI000070,PO000070,M012,450,446,4,PASS
QI000071,PO000071,M015,292,287,5,FAIL
QI000072,PO000072,M017,261,257,4,FAIL
QI000073,PO000073,M003,400,393,7,FAIL
QI000074,PO000074,M006,357,353,4,PASS
QI000075,PO000075,M007,358,352,6,FAIL
QI000076,PO000076,M011,398,394,4,PASS
QI000077,PO000077,M015,298,295,3,PASS
QI000078,PO000078,M016,236,232,4,FAIL
QI000079,PO000079,M003,433,426,7,FAIL
QI000080,PO000080,M004,308,304,4,PASS
QI000081,PO000081,M008,340,335,5,PASS
QI000082,PO000082,M010,431,427,4,PASS
QI000083,PO000083,M014,295,291,4,PASS
QI000084,PO000084,M016,282,278,4,PASS
QI000085,PO000085,M003,414,408,6,PASS
QI000086,PO000086,M005,353,350,3,PASS
QI000087,PO000087,M007,342,336,6,FAIL
QI000088,PO000088,M011,441,437,4,PASS
QI000089,PO000089,M014,326,321,5,FAIL
QI000090,PO000090,M016,277,271,6,FAIL
QI000091,PO000091,M003,365,358,7,FAIL
QI000092,PO000092,M005,342,337,5,PASS
QI000093,PO000093,M007,353,346,7,FAIL
QI000094,PO000094,M012,452,447,5,PASS
QI000095,PO000095,M014,291,287,4,PASS
QI000096,PO000096,M017,249,243,6,FAIL
QI000097,PO000097,M002,422,414,8,FAIL
QI000098,PO000098,M004,368,363,5,PASS
QI000099,PO000099,M007,359,352,7,FAIL
QI000100,PO000100,M011,457,452,5,PASS
QI000101,PO000101,M013,318,313,5,FAIL
QI000102,PO000102,M016,259,254,5,FAIL
QI000103,PO000103,M002,388,383,5,PASS
QI000104,PO000104,M005,353,348,5,PASS
QI000105,PO000105,M009,399,391,8,FAIL
QI000106,PO000106,M012,459,456,3,PASS
QI000107,PO000107,M013,305,301,4,PASS
QI000108,PO000108,M016,273,269,4,PASS
QI000109,PO000109,M003,362,357,5,PASS
QI000110,PO000110,M005,308,305,3,PASS
QI000111,PO000111,M009,389,381,8,FAIL
QI000112,PO000112,M012,415,410,5,PASS
QI000113,PO000113,M015,279,276,3,PASS
QI000114,PO000114,M016,272,266,6,FAIL
QI000115,PO000115,M003,384,378,6,FAIL
QI000116,PO000116,M004,371,366,5,PASS
QI000117,PO000117,M009,406,400,6,PASS
QI000118,PO000118,M012,407,404,3,PASS
QI000119,PO000119,M015,334,330,4,PASS
QI000120,PO000120,M017,249,245,4,FAIL
QI000121,PO000121,M003,394,388,6,PASS
QI000122,PO000122,M005,350,346,4,PASS
QI000123,PO000123,M009,409,400,9,FAIL
QI000124,PO000124,M011,437,434,3,PASS
QI000125,PO000125,M013,326,322,4,PASS
QI000126,PO000126,M018,242,238,4,FAIL
QI000127,PO000127,M003,383,379,4,PASS
QI000128,PO000128,M005,316,312,4,PASS
QI000129,PO000129,M007,360,353,7,FAIL
QI000130,PO000130,M011,416,412,4,PASS
QI000131,PO000131,M015,305,300,5,FAIL
QI000132,PO000132,M018,269,265,4,PASS
QI000133,PO000133,M003,425,420,5,PASS
QI000134,PO000134,M006,314,311,3,PASS
QI000135,PO000135,M008,343,336,7,FAIL
QI000136,PO000136,M012,465,460,5,PASS
QI000137,PO000137,M014,304,300,4,PASS
QI000138,PO000138,M016,280,275,5,FAIL
QI000139,PO000139,M001,441,435,6,PASS
QI000140,PO000140,M005,364,360,4,PASS
QI000141,PO000141,M008,335,328,7,FAIL
QI000142,PO000142,M012,450,446,4,PASS
QI000143,PO000143,M013,268,264,4,PASS
QI000144,PO000144,M016,276,272,4,PASS
QI000145,PO000145,M001,410,404,6,PASS
QI000146,PO000146,M006,355,352,3,PASS
QI000147,PO000147,M007,343,336,7,FAIL
QI000148,PO000148,M012,414,409,5,PASS
QI000149,PO000149,M013,315,311,4,PASS
QI000150,PO000150,M018,245,241,4,FAIL
QI000151,PO000151,M001,359,353,6,FAIL
QI000152,PO000152,M005,305,301,4,PASS
QI000153,PO000153,M007,362,357,5,PASS
QI000154,PO000154,M010,441,437,4,PASS
QI000155,PO000155,M014,288,285,3,PASS
QI000156,PO000156,M016,284,277,7,FAIL
QI000157,PO000157,M002,357,351,6,FAIL
QI000158,PO000158,M006,342,338,4,PASS
QI000159,PO000159,M009,360,353,7,FAIL
QI000160,PO000160,M010,496,492,4,PASS
QI000161,PO000161,M013,317,314,3,PASS
QI000162,PO000162,M017,248,242,6,FAIL
QI000163,PO000163,M002,399,394,5,PASS
QI000164,PO000164,M004,329,326,3,PASS
QI000165,PO000165,M009,355,350,5,PASS
QI000166,PO000166,M011,431,427,4,PASS
QI000167,PO000167,M014,312,308,4,PASS
QI000168,PO000168,M018,261,257,4,FAIL
QI000169,PO000169,M003,397,392,5,PASS
QI000170,PO000170,M004,334,331,3,PASS
QI000171,PO000171,M009,361,353,8,FAIL
QI000172,PO000172,M010,472,468,4,PASS
QI000173,PO000173,M014,307,302,5,FAIL
QI000174,PO000174,M018,268,264,4,PASS
QI000175,PO000175,M002,427,421,6,PASS
QI000176,PO000176,M005,305,301,4,PASS
QI000177,PO000177,M008,331,326,5,PASS
QI000178,PO000178,M012,483,479,4,PASS
QI000179,PO000179,M015,294,291,3,PASS
QI000180,PO000180,M017,239,234,5,FAIL
QI000181,PO000181,M002,432,425,7,FAIL
QI000182,PO000182,M006,316,313,3,PASS
QI000183,PO000183,M008,393,386,7,FAIL
QI000184,PO000184,M012,447,442,5,PASS
QI000185,PO000185,M014,305,301,4,PASS
QI000186,PO000186,M016,247,242,5,FAIL
QI000187,PO000187,M003,402,396,6,PASS
QI000188,PO000188,M006,322,318,4,PASS
QI000189,PO000189,M009,366,358,8,FAIL
QI000190,PO000190,M012,396,392,4,PASS
QI000191,PO000191,M014,294,290,4,PASS
QI000192,PO000192,M018,274,270,4,PASS
QI000193,PO000193,M002,413,407,6,PASS
QI000194,PO000194,M005,328,325,3,PASS
QI000195,PO000195,M008,350,343,7,FAIL
QI000196,PO000196,M010,433,430,3,PASS
QI000197,PO000197,M015,310,306,4,PASS
QI000198,PO000198,M016,279,275,4,PASS
QI000199,PO000199,M001,378,371,7,FAIL
QI000200,PO000200,M004,306,303,3,PASS
QI000201,PO000201,M008,406,398,8,FAIL
QI000202,PO000202,M011,449,445,4,PASS
QI000203,PO000203,M015,292,288,4,PASS
QI000204,PO000204,M018,258,252,6,FAIL
QI000205,PO000205,M002,387,383,4,PASS
QI000206,PO000206,M006,301,298,3,PASS
QI000207,PO000207,M008,358,352,6,FAIL
QI000208,PO000208,M012,462,458,4,PASS
QI000209,PO000209,M013,299,295,4,PASS
QI000210,PO000210,M017,243,238,5,FAIL
QI000211,PO000211,M003,421,415,6,PASS
QI000212,PO000212,M006,340,336,4,PASS
QI000213,PO000213,M009,394,388,6,PASS
QI000214,PO000214,M012,453,449,4,PASS
QI000215,PO000215,M015,327,322,5,FAIL
QI000216,PO000216,M017,282,276,6,FAIL
QI000217,PO000217,M003,391,387,4,PASS
QI000218,PO000218,M005,331,328,3,PASS
QI000219,PO000219,M008,338,331,7,FAIL
QI000220,PO000220,M011,427,424,3,PASS
QI000221,PO000221,M014,308,304,4,PASS
QI000222,PO000222,M016,243,238,5,FAIL
QI000223,PO000223,M001,403,397,6,PASS
QI000224,PO000224,M004,328,325,3,PASS
QI000225,PO000225,M008,382,376,6,FAIL
QI000226,PO000226,M012,455,451,4,PASS
QI000227,PO000227,M013,295,292,3,PASS
QI000228,PO000228,M017,291,285,6,FAIL
QI000229,PO000229,M003,357,352,5,PASS
QI000230,PO000230,M005,362,359,3,PASS
QI000231,PO000231,M008,367,360,7,FAIL
QI000232,PO000232,M011,463,458,5,PASS
QI000233,PO000233,M015,296,292,4,PASS
QI000234,PO000234,M016,252,247,5,FAIL
QI000235,PO000235,M002,359,355,4,PASS
QI000236,PO000236,M005,351,347,4,PASS
QI000237,PO000237,M007,389,383,6,FAIL
QI000238,PO000238,M012,463,458,5,PASS
QI000239,PO000239,M014,272,269,3,PASS
QI000240,PO000240,M018,262,257,5,FAIL
QI000241,PO000241,M002,378,373,5,PASS
QI000242,PO000242,M005,348,344,4,PASS
QI000243,PO000243,M007,386,378,8,FAIL
QI000244,PO000244,M011,493,489,4,PASS
QI000245,PO000245,M014,321,317,4,PASS
QI000246,PO000246,M016,266,262,4,PASS
QI000247,PO000247,M003,423,417,6,PASS
QI000248,PO000248,M005,328,324,4,PASS
QI000249,PO000249,M007,412,405,7,FAIL
QI000250,PO000250,M010,426,421,5,PASS
QI000251,PO000251,M013,288,285,3,PASS
QI000252,PO000252,M016,265,260,5,FAIL
QI000253,PO000253,M001,425,418,7,FAIL
QI000254,PO000254,M005,332,328,4,PASS
QI000255,PO000255,M007,405,397,8,FAIL
QI000256,PO000256,M012,485,479,6,PASS
QI000257,PO000257,M013,306,301,5,FAIL
QI000258,PO000258,M018,237,233,4,FAIL
QI000259,PO000259,M003,440,434,6,PASS
QI000260,PO000260,M005,326,323,3,PASS
QI000261,PO000261,M009,409,402,7,FAIL
QI000262,PO000262,M010,486,483,3,PASS
QI000263,PO000263,M015,284,281,3,PASS
QI000264,PO000264,M016,256,250,6,FAIL
QI000265,PO000265,M002,438,432,6,PASS
QI000266,PO000266,M004,364,360,4,PASS
QI000267,PO000267,M008,330,323,7,FAIL
QI000268,PO000268,M011,410,407,3,PASS
QI000269,PO000269,M014,325,320,5,FAIL
QI000270,PO000270,M016,263,259,4,PASS
QI000271,PO000271,M003,421,416,5,PASS
QI000272,PO000272,M005,367,362,5,PASS
QI000273,PO000273,M008,386,381,5,PASS
QI000274,PO000274,M012,429,424,5,PASS
QI000275,PO000275,M013,279,275,4,PASS
QI000276,PO000276,M017,251,247,4,FAIL
QI000277,PO000277,M003,431,424,7,FAIL
QI000278,PO000278,M005,344,341,3,PASS
QI000279,PO000279,M008,370,363,7,FAIL
QI000280,PO000280,M011,424,421,3,PASS
QI000281,PO000281,M014,311,307,4,PASS
QI000282,PO000282,M018,279,274,5,FAIL
QI000283,PO000283,M003,356,351,5,PASS
QI000284,PO000284,M004,310,306,4,PASS
QI000285,PO000285,M009,380,372,8,FAIL
QI000286,PO000286,M012,493,489,4,PASS
QI000287,PO000287,M015,327,322,5,FAIL
QI000288,PO000288,M018,265,259,6,FAIL
QI000289,PO000289,M001,367,363,4,PASS
QI000290,PO000290,M004,352,349,3,PASS
QI000291,PO000291,M007,369,363,6,FAIL
QI000292,PO000292,M012,443,439,4,PASS
QI000293,PO000293,M015,335,331,4,PASS
QI000294,PO000294,M017,282,277,5,FAIL
QI000295,PO000295,M002,398,391,7,FAIL
QI000296,PO000296,M005,335,332,3,PASS
QI000297,PO000297,M008,357,349,8,FAIL
QI000298,PO000298,M012,420,416,4,PASS
QI000299,PO000299,M013,336,332,4,PASS
QI000300,PO000300,M016,248,244,4,FAIL
QI000301,PO000301,M003,416,411,5,PASS
QI000302,PO000302,M006,374,369,5,PASS
QI000303,PO000303,M009,364,356,8,FAIL
QI000304,PO000304,M010,433,429,4,PASS
QI000305,PO000305,M014,289,284,5,FAIL
QI000306,PO000306,M016,281,277,4,PASS
QI000307,PO000307,M001,389,383,6,FAIL
QI000308,PO000308,M004,369,364,5,PASS
QI000309,PO000309,M009,344,336,8,FAIL
QI000310,PO000310,M011,409,405,4,PASS
QI000311,PO000311,M015,304,300,4,PASS
QI000312,PO000312,M017,263,258,5,FAIL
QI000313,PO000313,M001,359,352,7,FAIL
QI000314,PO000314,M005,315,312,3,PASS
QI000315,PO000315,M008,391,384,7,FAIL
QI000316,PO000316,M012,475,470,5,PASS
QI000317,PO000317,M013,287,283,4,PASS
QI000318,PO000318,M018,295,290,5,FAIL
QI000319,PO000319,M001,385,379,6,FAIL
QI000320,PO000320,M006,353,349,4,PASS
QI000321,PO000321,M009,408,401,7,FAIL
QI000322,PO000322,M012,445,442,3,PASS
QI000323,PO000323,M014,306,302,4,PASS
QI000324,PO000324,M017,254,249,5,FAIL
QI000325,PO000325,M003,361,355,6,FAIL
QI000326,PO000326,M006,313,310,3,PASS
QI000327,PO000327,M009,358,353,5,PASS
QI000328,PO000328,M012,406,402,4,PASS
QI000329,PO000329,M013,289,284,5,FAIL
QI000330,PO000330,M016,245,240,5,FAIL
QI000331,PO000331,M002,410,403,7,FAIL
QI000332,PO000332,M006,359,354,5,PASS
QI000333,PO000333,M007,360,355,5,PASS
QI000334,PO000334,M012,433,430,3,PASS
QI000335,PO000335,M014,277,273,4,PASS
QI000336,PO000336,M016,294,289,5,FAIL
QI000337,PO000337,M003,429,423,6,PASS
QI000338,PO000338,M004,353,348,5,PASS
QI000339,PO000339,M009,357,350,7,FAIL
QI000340,PO000340,M010,430,426,4,PASS
QI000341,PO000341,M013,276,273,3,PASS
QI000342,PO000342,M017,271,264,7,FAIL
QI000343,PO000343,M003,391,386,5,PASS
QI000344,PO000344,M004,358,353,5,PASS
QI000345,PO000345,M008,380,373,7,FAIL
QI000346,PO000346,M012,464,459,5,PASS
QI000347,PO000347,M014,278,274,4,PASS
QI000348,PO000348,M016,292,288,4,PASS
QI000349,PO000349,M003,394,387,7,FAIL
QI000350,PO000350,M005,304,301,3,PASS
QI000351,PO000351,M007,400,391,9,FAIL
QI000352,PO000352,M010,492,487,5,PASS
QI000353,PO000353,M014,274,271,3,PASS
QI000354,PO000354,M017,269,265,4,PASS
QI000355,PO000355,M002,390,385,5,PASS
QI000356,PO000356,M006,355,351,4,PASS
QI000357,PO000357,M008,342,337,5,PASS
QI000358,PO000358,M011,447,442,5,PASS
QI000359,PO000359,M014,281,277,4,PASS
QI000360,PO000360,M017,260,254,6,FAIL
QI000361,PO000361,M002,391,386,5,PASS
QI000362,PO000362,M005,370,366,4,PASS
QI000363,PO000363,M008,341,335,6,FAIL
QI000364,PO000364,M011,436,431,5,PASS
QI000365,PO000365,M014,333,329,4,PASS
QI000366,PO000366,M018,290,285,5,FAIL
QI000367,PO000367,M002,408,404,4,PASS
QI000368,PO000368,M004,366,362,4,PASS
QI000369,PO000369,M009,391,383,8,FAIL
QI000370,PO000370,M011,493,489,4,PASS
QI000371,PO000371,M013,303,300,3,PASS
QI000372,PO000372,M016,293,287,6,FAIL
QI000373,PO000373,M002,443,437,6,PASS
QI000374,PO000374,M004,305,303,2,PASS
QI000375,PO000375,M009,359,352,7,FAIL
QI000376,PO000376,M010,435,431,4,PASS
QI000377,PO000377,M013,320,316,4,PASS
QI000378,PO000378,M016,287,281,6,FAIL
QI000379,PO000379,M002,370,365,5,PASS
QI000380,PO000380,M004,362,357,5,PASS
QI000381,PO000381,M008,395,389,6,PASS
QI000382,PO000382,M011,449,445,4,PASS
QI000383,PO000383,M014,298,293,5,FAIL
QI000384,PO000384,M018,245,241,4,FAIL
QI000385,PO000385,M001,431,426,5,PASS
QI000386,PO000386,M006,317,313,4,PASS
QI000387,PO000387,M008,381,373,8,FAIL
QI000388,PO000388,M012,429,424,5,PASS
QI000389,PO000389,M014,305,300,5,FAIL
QI000390,PO000390,M018,278,274,4,PASS
QI000391,PO000391,M001,412,407,5,PASS
QI000392,PO000392,M005,343,338,5,PASS
QI000393,PO000393,M009,399,393,6,PASS
QI000394,PO000394,M011,437,433,4,PASS
QI000395,PO000395,M015,298,294,4,PASS
QI000396,PO000396,M017,249,244,5,FAIL
QI000397,PO000397,M001,394,388,6,PASS
QI000398,PO000398,M005,348,344,4,PASS
QI000399,PO000399,M009,411,403,8,FAIL
QI000400,PO000400,M011,401,398,3,PASS
QI000401,PO000401,M015,310,306,4,PASS
QI000402,PO000402,M017,241,236,5,FAIL
QI000403,PO000403,M002,355,349,6,FAIL
QI000404,PO000404,M004,353,350,3,PASS
QI000405,PO000405,M007,338,331,7,FAIL
QI000406,PO000406,M011,438,433,5,PASS
QI000407,PO000407,M015,317,312,5,FAIL
QI000408,PO000408,M016,289,284,5,FAIL
QI000409,PO000409,M003,422,416,6,PASS
QI000410,PO000410,M005,361,356,5,PASS
QI000411,PO000411,M007,408,401,7,FAIL
QI000412,PO000412,M010,476,472,4,PASS
QI000413,PO000413,M014,296,291,5,FAIL
QI000414,PO000414,M016,262,257,5,FAIL
QI000415,PO000415,M003,444,438,6,PASS
QI000416,PO000416,M005,322,319,3,PASS
QI000417,PO000417,M008,332,325,7,FAIL
QI000418,PO000418,M011,404,401,3,PASS
QI000419,PO000419,M014,315,311,4,PASS
QI000420,PO000420,M016,250,245,5,FAIL
QI000421,PO000421,M002,426,420,6,PASS
QI000422,PO000422,M004,321,317,4,PASS
QI000423,PO000423,M007,407,400,7,FAIL
QI000424,PO000424,M012,482,477,5,PASS
QI000425,PO000425,M014,287,284,3,PASS
QI000426,PO000426,M017,274,268,6,FAIL
QI000427,PO000427,M002,386,380,6,FAIL
QI000428,PO000428,M004,359,355,4,PASS
QI000429,PO000429,M009,400,395,5,PASS
QI000430,PO000430,M010,453,450,3,PASS
QI000431,PO000431,M015,307,304,3,PASS
QI000432,PO000432,M017,277,270,7,FAIL
QI000433,PO000433,M002,393,388,5,PASS
QI000434,PO000434,M005,361,357,4,PASS
QI000435,PO000435,M007,378,372,6,FAIL
QI000436,PO000436,M011,469,465,4,PASS
QI000437,PO000437,M015,306,303,3,PASS
QI000438,PO000438,M018,259,253,6,FAIL
QI000439,PO000439,M001,426,420,6,PASS
QI000440,PO000440,M006,307,304,3,PASS
QI000441,PO000441,M009,393,387,6,FAIL
QI000442,PO000442,M010,473,469,4,PASS
QI000443,PO000443,M013,292,288,4,PASS
QI000444,PO000444,M017,278,273,5,FAIL
QI000445,PO000445,M003,441,435,6,PASS
QI000446,PO000446,M006,313,310,3,PASS
QI000447,PO000447,M009,336,331,5,PASS
QI000448,PO000448,M011,400,396,4,PASS
QI000449,PO000449,M014,285,282,3,PASS
QI000450,PO000450,M017,254,248,6,FAIL
QI000451,PO000451,M002,376,370,6,FAIL
QI000452,PO000452,M004,369,365,4,PASS
QI000453,PO000453,M009,392,384,8,FAIL
QI000454,PO000454,M010,428,424,4,PASS
QI000455,PO000455,M014,310,305,5,FAIL
QI000456,PO000456,M017,239,234,5,FAIL
QI000457,PO000457,M001,438,430,8,FAIL
QI000458,PO000458,M006,349,344,5,PASS
QI000459,PO000459,M008,340,333,7,FAIL
QI000460,PO000460,M010,430,427,3,PASS
QI000461,PO000461,M013,326,322,4,PASS
QI000462,PO000462,M018,280,273,7,FAIL
QI000463,PO000463,M002,427,420,7,FAIL
QI000464,PO000464,M006,348,345,3,PASS
QI000465,PO000465,M009,357,349,8,FAIL
QI000466,PO000466,M010,475,471,4,PASS
QI000467,PO000467,M014,296,292,4,PASS
QI000468,PO000468,M016,274,268,6,FAIL
QI000469,PO000469,M003,393,388,5,PASS
QI000470,PO000470,M005,314,310,4,PASS
QI000471,PO000471,M007,333,326,7,FAIL
QI000472,PO000472,M011,411,408,3,PASS
QI000473,PO000473,M013,335,330,5,PASS
QI000474,PO000474,M017,263,257,6,FAIL
QI000475,PO000475,M003,441,433,8,FAIL
QI000476,PO000476,M005,376,373,3,PASS
QI000477,PO000477,M009,348,341,7,FAIL
QI000478,PO000478,M012,409,406,3,PASS
QI000479,PO000479,M015,320,316,4,PASS
QI000480,PO000480,M016,279,274,5,FAIL
QI000481,PO000481,M001,411,406,5,PASS
QI000482,PO000482,M004,345,340,5,PASS
QI000483,PO000483,M009,376,369,7,FAIL
QI000484,PO000484,M012,441,437,4,PASS
QI000485,PO000485,M014,302,297,5,FAIL
QI000486,PO000486,M016,293,286,7,FAIL
QI000487,PO000487,M001,439,434,5,PASS
QI000488,PO000488,M006,375,370,5,PASS
QI000489,PO000489,M007,370,362,8,FAIL
QI000490,PO000490,M010,496,492,4,PASS
QI000491,PO000491,M013,277,274,3,PASS
QI000492,PO000492,M016,271,265,6,FAIL
QI000493,PO000493,M001,395,388,7,FAIL
QI000494,PO000494,M006,300,296,4,PASS
QI000495,PO000495,M007,346,340,6,FAIL
QI000496,PO000496,M011,418,414,4,PASS
QI000497,PO000497,M015,272,269,3,PASS
QI000498,PO000498,M016,258,254,4,FAIL
QI000499,PO000499,M003,396,391,5,PASS
QI000500,PO000500,M004,334,331,3,PASS
QI000501,PO000501,M007,384,379,5,PASS
QI000502,PO000502,M010,491,487,4,PASS
QI000503,PO000503,M014,326,323,3,PASS
QI000504,PO000504,M018,270,263,7,FAIL
QI000505,PO000505,M002,418,412,6,PASS
QI000506,PO000506,M006,306,303,3,PASS
QI000507,PO000507,M009,394,386,8,FAIL
QI000508,PO000508,M011,478,474,4,PASS
QI000509,PO000509,M013,328,323,5,FAIL
QI000510,PO000510,M017,279,275,4,PASS
QI000511,PO000511,M002,411,406,5,PASS
QI000512,PO000512,M004,341,337,4,PASS
QI000513,PO000513,M007,339,334,5,PASS
QI000514,PO000514,M011,475,471,4,PASS
QI000515,PO000515,M015,309,305,4,PASS
QI000516,PO000516,M018,267,261,6,FAIL
QI000517,PO000517,M002,418,412,6,PASS
QI000518,PO000518,M005,313,310,3,PASS
QI000519,PO000519,M007,413,407,6,PASS
QI000520,PO000520,M012,488,484,4,PASS
QI000521,PO000521,M014,325,321,4,PASS
QI000522,PO000522,M017,257,253,4,FAIL
QI000523,PO000523,M002,408,403,5,PASS
QI000524,PO000524,M004,340,336,4,PASS
QI000525,PO000525,M008,360,352,8,FAIL
QI000526,PO000526,M010,483,479,4,PASS
QI000527,PO000527,M013,279,275,4,PASS
QI000528,PO000528,M016,261,255,6,FAIL
QI000529,PO000529,M003,401,395,6,PASS
QI000530,PO000530,M006,308,305,3,PASS
QI000531,PO000531,M009,399,391,8,FAIL
QI000532,PO000532,M012,411,407,4,PASS
QI000533,PO000533,M014,321,316,5,FAIL
QI000534,PO000534,M016,253,248,5,FAIL
QI000535,PO000535,M002,398,391,7,FAIL
QI000536,PO000536,M006,365,362,3,PASS
QI000537,PO000537,M007,412,404,8,FAIL
QI000538,PO000538,M010,409,405,4,PASS
QI000539,PO000539,M015,315,311,4,PASS
QI000540,PO000540,M017,270,264,6,FAIL
QI000541,PO000541,M002,425,419,6,PASS
QI000542,PO000542,M006,371,367,4,PASS
QI000543,PO000543,M009,412,404,8,FAIL
QI000544,PO000544,M011,399,395,4,PASS
QI000545,PO000545,M014,308,305,3,PASS
QI000546,PO000546,M017,234,228,6,FAIL
QI000547,PO000547,M001,427,422,5,PASS
QI000548,PO000548,M005,309,306,3,PASS
QI000549,PO000549,M009,410,403,7,FAIL
QI000550,PO000550,M010,491,487,4,PASS
QI000551,PO000551,M013,315,310,5,FAIL
QI000552,PO000552,M017,256,251,5,FAIL
QI000553,PO000553,M002,392,385,7,FAIL
QI000554,PO000554,M005,372,368,4,PASS
QI000555,PO000555,M007,336,330,6,FAIL
QI000556,PO000556,M010,492,488,4,PASS
QI000557,PO000557,M013,279,276,3,PASS
QI000558,PO000558,M017,276,270,6,FAIL
QI000559,PO000559,M002,432,427,5,PASS
QI000560,PO000560,M005,334,330,4,PASS
QI000561,PO000561,M009,344,338,6,FAIL
QI000562,PO000562,M011,411,408,3,PASS
QI000563,PO000563,M015,330,326,4,PASS
QI000564,PO000564,M018,254,249,5,FAIL
QI000565,PO000565,M001,403,396,7,FAIL
QI000566,PO000566,M004,300,296,4,PASS
QI000567,PO000567,M008,356,349,7,FAIL
QI000568,PO000568,M011,432,427,5,PASS
QI000569,PO000569,M013,269,266,3,PASS
QI000570,PO000570,M018,261,255,6,FAIL
QI000571,PO000571,M001,403,398,5,PASS
QI000572,PO000572,M006,329,325,4,PASS
QI000573,PO000573,M009,374,367,7,FAIL
QI000574,PO000574,M011,490,486,4,PASS
QI000575,PO000575,M014,271,268,3,PASS
QI000576,PO000576,M016,289,283,6,FAIL
QI000577,PO000577,M003,408,402,6,PASS
QI000578,PO000578,M005,352,347,5,PASS
QI000579,PO000579,M007,380,373,7,FAIL
QI000580,PO000580,M011,416,411,5,PASS
QI000581,PO000581,M014,314,310,4,PASS
QI000582,PO000582,M017,288,282,6,FAIL
QI000583,PO000583,M001,408,401,7,FAIL
QI000584,PO000584,M005,367,363,4,PASS
QI000585,PO000585,M008,369,363,6,FAIL
QI000586,PO000586,M011,424,420,4,PASS
QI000587,PO000587,M013,277,273,4,PASS
QI000588,PO000588,M018,243,239,4,FAIL
QI000589,PO000589,M003,378,372,6,FAIL
QI000590,PO000590,M005,319,316,3,PASS
QI000591,PO000591,M007,347,340,7,FAIL
QI000592,PO000592,M010,419,416,3,PASS
QI000593,PO000593,M013,276,271,5,FAIL
QI000594,PO000594,M018,266,261,5,FAIL
QI000595,PO000595,M003,427,420,7,FAIL
QI000596,PO000596,M006,371,366,5,PASS
QI000597,PO000597,M009,407,399,8,FAIL
QI000598,PO000598,M012,436,432,4,PASS
QI000599,PO000599,M014,277,274,3,PASS
QI000600,PO000600,M017,274,268,6,FAIL
QI000601,PO000601,M002,429,423,6,PASS
QI000602,PO000602,M005,363,358,5,PASS
QI000603,PO000603,M008,388,381,7,FAIL
QI000604,PO000604,M010,403,399,4,PASS
QI000605,PO000605,M014,277,273,4,PASS
QI000606,PO000606,M016,274,269,5,FAIL
QI000607,PO000607,M003,403,397,6,PASS
QI000608,PO000608,M006,369,364,5,PASS
QI000609,PO000609,M007,387,381,6,FAIL
QI000610,PO000610,M012,420,416,4,PASS
QI000611,PO000611,M015,327,322,5,FAIL
QI000612,PO000612,M016,237,231,6,FAIL
QI000613,PO000613,M001,397,391,6,PASS
QI000614,PO000614,M004,364,360,4,PASS
QI000615,PO000615,M007,336,331,5,PASS
QI000616,PO000616,M012,451,446,5,PASS
QI000617,PO000617,M015,333,328,5,PASS
QI000618,PO000618,M016,259,255,4,FAIL
QI000619,PO000619,M002,402,395,7,FAIL
QI000620,PO000620,M005,376,372,4,PASS
QI000621,PO000621,M009,412,406,6,PASS
QI000622,PO000622,M010,437,432,5,PASS
QI000623,PO000623,M015,316,311,5,FAIL
QI000624,PO000624,M017,282,278,4,PASS
QI000625,PO000625,M003,373,367,6,FAIL
QI000626,PO000626,M004,373,368,5,PASS
QI000627,PO000627,M007,373,366,7,FAIL
QI000628,PO000628,M012,484,479,5,PASS
QI000629,PO000629,M014,285,282,3,PASS
QI000630,PO000630,M018,295,290,5,FAIL
QI000631,PO000631,M002,425,419,6,PASS
QI000632,PO000632,M006,343,340,3,PASS
QI000633,PO000633,M009,396,389,7,FAIL
QI000634,PO000634,M012,480,475,5,PASS
QI000635,PO000635,M015,313,308,5,FAIL
QI000636,PO000636,M017,254,249,5,FAIL
QI000637,PO000637,M001,397,391,6,PASS
QI000638,PO000638,M004,329,326,3,PASS
QI000639,PO000639,M007,340,335,5,PASS
QI000640,PO000640,M010,460,456,4,PASS
QI000641,PO000641,M015,335,331,4,PASS
QI000642,PO000642,M018,255,249,6,FAIL
QI000643,PO000643,M001,430,424,6,PASS
QI000644,PO000644,M004,320,316,4,PASS
QI000645,PO000645,M009,408,401,7,FAIL
QI000646,PO000646,M012,451,446,5,PASS
QI000647,PO000647,M014,314,310,4,PASS
QI000648,PO000648,M018,250,245,5,FAIL
QI000649,PO000649,M003,391,386,5,PASS
QI000650,PO000650,M005,329,325,4,PASS
QI000651,PO000651,M007,370,365,5,PASS
QI000652,PO000652,M010,443,439,4,PASS
QI000653,PO000653,M015,323,318,5,FAIL
QI000654,PO000654,M017,283,277,6,FAIL
QI000655,PO000655,M003,420,413,7,FAIL
QI000656,PO000656,M004,326,323,3,PASS
QI000657,PO000657,M007,363,358,5,PASS
QI000658,PO000658,M012,457,453,4,PASS
QI000659,PO000659,M015,282,279,3,PASS
QI000660,PO000660,M018,287,280,7,FAIL
QI000661,PO000661,M002,364,358,6,FAIL
QI000662,PO000662,M005,358,355,3,PASS
QI000663,PO000663,M007,385,379,6,FAIL
QI000664,PO000664,M010,453,449,4,PASS
QI000665,PO000665,M013,321,317,4,PASS
QI000666,PO000666,M017,267,262,5,FAIL
QI000667,PO000667,M001,403,397,6,PASS
QI000668,PO000668,M005,327,322,5,FAIL
QI000669,PO000669,M008,343,338,5,PASS
QI000670,PO000670,M012,438,434,4,PASS
QI000671,PO000671,M013,272,268,4,PASS
QI000672,PO000672,M017,279,274,5,FAIL
QI000673,PO000673,M003,415,410,5,PASS
QI000674,PO000674,M006,300,296,4,PASS
QI000675,PO000675,M007,362,356,6,FAIL
QI000676,PO000676,M010,465,460,5,PASS
QI000677,PO000677,M015,335,331,4,PASS
QI000678,PO000678,M016,283,277,6,FAIL
QI000679,PO000679,M001,391,384,7,FAIL
QI000680,PO000680,M004,330,326,4,PASS
QI000681,PO000681,M009,407,399,8,FAIL
QI000682,PO000682,M010,411,408,3,PASS
QI000683,PO000683,M015,336,332,4,PASS
QI000684,PO000684,M018,268,264,4,PASS
QI000685,PO000685,M001,373,368,5,PASS
QI000686,PO000686,M005,300,296,4,PASS
QI000687,PO000687,M008,360,354,6,FAIL
QI000688,PO000688,M011,419,415,4,PASS
QI000689,PO000689,M015,277,272,5,FAIL
QI000690,PO000690,M017,241,238,3,PASS
QI000691,PO000691,M003,417,410,7,FAIL
QI000692,PO000692,M006,302,298,4,PASS
QI000693,PO000693,M008,336,331,5,PASS
QI000694,PO000694,M011,444,441,3,PASS
QI000695,PO000695,M015,271,268,3,PASS
QI000696,PO000696,M016,256,250,6,FAIL
QI000697,PO000697,M003,437,430,7,FAIL
QI000698,PO000698,M004,373,368,5,PASS
QI000699,PO000699,M008,346,339,7,FAIL
QI000700,PO000700,M011,464,459,5,PASS
QI000701,PO000701,M015,290,286,4,PASS
QI000702,PO000702,M017,279,274,5,FAIL
QI000703,PO000703,M003,377,371,6,FAIL
QI000704,PO000704,M004,357,352,5,PASS
QI000705,PO000705,M008,355,349,6,FAIL
QI000706,PO000706,M010,401,397,4,PASS
QI000707,PO000707,M014,331,325,6,FAIL
QI000708,PO000708,M018,266,262,4,PASS
QI000709,PO000709,M001,437,432,5,PASS
QI000710,PO000710,M005,346,343,3,PASS
QI000711,PO000711,M009,370,362,8,FAIL
QI000712,PO000712,M010,443,439,4,PASS
QI000713,PO000713,M014,325,322,3,PASS
QI000714,PO000714,M017,245,239,6,FAIL
QI000715,PO000715,M003,416,409,7,FAIL
QI000716,PO000716,M006,335,332,3,PASS
QI000717,PO000717,M009,383,376,7,FAIL
QI000718,PO000718,M011,472,467,5,PASS
QI000719,PO000719,M015,305,301,4,PASS
QI000720,PO000720,M016,240,235,5,FAIL
QI000721,PO000721,M003,392,387,5,PASS
QI000722,PO000722,M005,353,348,5,PASS
QI000723,PO000723,M009,386,380,6,FAIL
QI000724,PO000724,M011,402,399,3,PASS
QI000725,PO000725,M014,323,319,4,PASS
QI000726,PO000726,M018,284,278,6,FAIL
QI000727,PO000727,M001,439,433,6,PASS
QI000728,PO000728,M005,347,344,3,PASS
QI000729,PO000729,M009,351,346,5,PASS
QI000730,PO000730,M010,473,469,4,PASS
QI000731,PO000731,M014,272,268,4,PASS
QI000732,PO000732,M016,250,245,5,FAIL
QI000733,PO000733,M002,401,396,5,PASS
QI000734,PO000734,M006,304,300,4,PASS
QI000735,PO000735,M007,387,381,6,FAIL
QI000736,PO000736,M011,451,446,5,PASS
QI000737,PO000737,M015,286,283,3,PASS
QI000738,PO000738,M017,261,257,4,FAIL
QI000739,PO000739,M003,390,385,5,PASS
QI000740,PO000740,M004,304,301,3,PASS
QI000741,PO000741,M007,393,387,6,FAIL
QI000742,PO000742,M011,467,463,4,PASS
QI000743,PO000743,M014,300,295,5,FAIL
QI000744,PO000744,M017,249,245,4,FAIL
QI000745,PO000745,M002,440,432,8,FAIL
QI000746,PO000746,M004,316,313,3,PASS
QI000747,PO000747,M007,386,379,7,FAIL
QI000748,PO000748,M012,451,446,5,PASS
QI000749,PO000749,M015,307,302,5,FAIL
QI000750,PO000750,M017,279,273,6,FAIL
QI000751,PO000751,M003,422,415,7,FAIL
QI000752,PO000752,M005,320,316,4,PASS
QI000753,PO000753,M009,408,399,9,FAIL
QI000754,PO000754,M011,461,457,4,PASS
QI000755,PO000755,M013,292,287,5,FAIL
QI000756,PO000756,M016,284,278,6,FAIL
QI000757,PO000757,M001,400,394,6,PASS
QI000758,PO000758,M006,347,343,4,PASS
QI000759,PO000759,M009,347,342,5,PASS
QI000760,PO000760,M010,405,402,3,PASS
QI000761,PO000761,M014,329,325,4,PASS
QI000762,PO000762,M017,284,279,5,FAIL
QI000763,PO000763,M003,365,361,4,PASS
QI000764,PO000764,M005,309,305,4,PASS
QI000765,PO000765,M008,396,390,6,PASS
QI000766,PO000766,M010,494,489,5,PASS
QI000767,PO000767,M015,290,285,5,FAIL
QI000768,PO000768,M017,266,260,6,FAIL
QI000769,PO000769,M001,419,412,7,FAIL
QI000770,PO000770,M005,321,317,4,PASS
QI000771,PO000771,M008,357,350,7,FAIL
QI000772,PO000772,M012,433,430,3,PASS
QI000773,PO000773,M014,293,289,4,PASS
QI000774,PO000774,M018,253,249,4,FAIL
QI000775,PO000775,M003,391,384,7,FAIL
QI000776,PO000776,M006,312,309,3,PASS
QI000777,PO000777,M009,350,343,7,FAIL
QI000778,PO000778,M012,416,413,3,PASS
QI000779,PO000779,M015,310,305,5,FAIL
QI000780,PO000780,M016,288,284,4,PASS
QI000781,PO000781,M001,360,355,5,PASS
QI000782,PO000782,M006,333,329,4,PASS
QI000783,PO000783,M007,402,395,7,FAIL
QI000784,PO000784,M012,476,471,5,PASS
QI000785,PO000785,M014,306,303,3,PASS
QI000786,PO000786,M017,266,262,4,PASS
QI000787,PO000787,M003,406,401,5,PASS
QI000788,PO000788,M005,310,307,3,PASS
QI000789,PO000789,M007,348,340,8,FAIL
QI000790,PO000790,M011,457,453,4,PASS
QI000791,PO000791,M013,311,307,4,PASS
QI000792,PO000792,M016,255,250,5,FAIL
QI000793,PO000793,M002,398,392,6,PASS
QI000794,PO000794,M004,346,341,5,PASS
QI000795,PO000795,M009,343,337,6,FAIL
QI000796,PO000796,M010,456,453,3,PASS
QI000797,PO000797,M014,324,319,5,FAIL
QI000798,PO000798,M016,240,234,6,FAIL
QI000799,PO000799,M002,403,397,6,PASS
QI000800,PO000800,M005,332,329,3,PASS
QI000801,PO000801,M008,403,397,6,PASS
QI000802,PO000802,M011,421,418,3,PASS
QI000803,PO000803,M014,333,329,4,PASS
QI000804,PO000804,M017,290,284,6,FAIL
QI000805,PO000805,M002,358,354,4,PASS
QI000806,PO000806,M005,364,360,4,PASS
QI000807,PO000807,M007,357,351,6,FAIL
QI000808,PO000808,M011,402,398,4,PASS
QI000809,PO000809,M014,331,327,4,PASS
QI000810,PO000810,M018,278,273,5,FAIL
QI000811,PO000811,M002,421,414,7,FAIL
QI000812,PO000812,M004,354,349,5,PASS
QI000813,PO000813,M008,376,370,6,FAIL
QI000814,PO000814,M011,400,395,5,PASS
QI000815,PO000815,M013,292,288,4,PASS
QI000816,PO000816,M018,254,250,4,FAIL
QI000817,PO000817,M002,419,414,5,PASS
QI000818,PO000818,M006,334,329,5,PASS
QI000819,PO000819,M009,408,402,6,PASS
QI000820,PO000820,M010,407,402,5,PASS
QI000821,PO000821,M014,310,305,5,FAIL
QI000822,PO000822,M017,283,278,5,FAIL
QI000823,PO000823,M001,431,425,6,PASS
QI000824,PO000824,M005,364,360,4,PASS
QI000825,PO000825,M007,335,330,5,PASS
QI000826,PO000826,M012,438,434,4,PASS
QI000827,PO000827,M015,325,320,5,FAIL
QI000828,PO000828,M018,290,283,7,FAIL
QI000829,PO000829,M001,396,391,5,PASS
QI000830,PO000830,M005,320,316,4,PASS
QI000831,PO000831,M009,367,360,7,FAIL
QI000832,PO000832,M011,461,458,3,PASS
QI000833,PO000833,M015,330,326,4,PASS
QI000834,PO000834,M018,255,251,4,FAIL
QI000835,PO000835,M001,402,397,5,PASS
QI000836,PO000836,M006,315,312,3,PASS
QI000837,PO000837,M009,368,361,7,FAIL
QI000838,PO000838,M012,476,472,4,PASS
QI000839,PO000839,M015,327,322,5,FAIL
QI000840,PO000840,M018,284,278,6,FAIL
QI000841,PO000841,M003,384,379,5,PASS
QI000842,PO000842,M004,373,368,5,PASS
QI000843,PO000843,M007,395,387,8,FAIL
QI000844,PO000844,M012,476,473,3,PASS
QI000845,PO000845,M013,298,293,5,FAIL
QI000846,PO000846,M018,294,288,6,FAIL
QI000847,PO000847,M001,379,374,5,PASS
QI000848,PO000848,M005,340,336,4,PASS
QI000849,PO000849,M007,380,372,8,FAIL
QI000850,PO000850,M010,447,442,5,PASS
QI000851,PO000851,M015,328,324,4,PASS
QI000852,PO000852,M018,237,231,6,FAIL
QI000853,PO000853,M001,421,416,5,PASS
QI000854,PO000854,M006,341,337,4,PASS
QI000855,PO000855,M008,397,391,6,PASS
QI000856,PO000856,M011,418,414,4,PASS
QI000857,PO000857,M015,310,305,5,FAIL
QI000858,PO000858,M017,278,273,5,FAIL
QI000859,PO000859,M003,436,430,6,PASS
QI000860,PO000860,M005,360,355,5,PASS
QI000861,PO000861,M007,364,357,7,FAIL
QI000862,PO000862,M011,424,420,4,PASS
QI000863,PO000863,M014,295,292,3,PASS
QI000864,PO000864,M018,266,261,5,FAIL
QI000865,PO000865,M002,400,396,4,PASS
QI000866,PO000866,M006,334,329,5,PASS
QI000867,PO000867,M007,401,393,8,FAIL
QI000868,PO000868,M012,443,438,5,PASS
QI000869,PO000869,M014,287,284,3,PASS
QI000870,PO000870,M016,253,248,5,FAIL
QI000871,PO000871,M001,397,390,7,FAIL
QI000872,PO000872,M006,331,326,5,PASS
QI000873,PO000873,M008,356,349,7,FAIL
QI000874,PO000874,M012,429,424,5,PASS
QI000875,PO000875,M015,302,298,4,PASS
QI000876,PO000876,M016,274,269,5,FAIL
QI000877,PO000877,M003,385,380,5,PASS
QI000878,PO000878,M004,368,365,3,PASS
QI000879,PO000879,M009,358,351,7,FAIL
QI000880,PO000880,M010,447,442,5,PASS
QI000881,PO000881,M015,327,322,5,FAIL
QI000882,PO000882,M018,285,281,4,PASS
QI000883,PO000883,M001,423,416,7,FAIL
QI000884,PO000884,M005,360,356,4,PASS
QI000885,PO000885,M009,354,347,7,FAIL
QI000886,PO000886,M011,432,428,4,PASS
QI000887,PO000887,M013,280,277,3,PASS
QI000888,PO000888,M018,250,246,4,FAIL
QI000889,PO000889,M003,357,350,7,FAIL
QI000890,PO000890,M005,322,318,4,PASS
QI000891,PO000891,M008,394,389,5,PASS
QI000892,PO000892,M012,432,427,5,PASS
QI000893,PO000893,M013,305,300,5,FAIL
QI000894,PO000894,M018,241,236,5,FAIL
QI000895,PO000895,M002,411,404,7,FAIL
QI000896,PO000896,M006,367,363,4,PASS
QI000897,PO000897,M007,393,386,7,FAIL
QI000898,PO000898,M011,420,416,4,PASS
QI000899,PO000899,M014,288,284,4,PASS
QI000900,PO000900,M017,275,269,6,FAIL
QI000901,PO000901,M003,379,375,4,PASS
QI000902,PO000902,M006,343,339,4,PASS
QI000903,PO000903,M009,354,348,6,FAIL
QI000904,PO000904,M012,476,471,5,PASS
QI000905,PO000905,M014,332,327,5,PASS
QI000906,PO000906,M016,259,253,6,FAIL
QI000907,PO000907,M001,377,371,6,FAIL
QI000908,PO000908,M005,341,337,4,PASS
QI000909,PO000909,M007,361,353,8,FAIL
QI000910,PO000910,M010,452,447,5,PASS
QI000911,PO000911,M014,305,300,5,FAIL
QI000912,PO000912,M018,271,266,5,FAIL
QI000913,PO000913,M002,438,433,5,PASS
QI000914,PO000914,M006,331,328,3,PASS
QI000915,PO000915,M009,345,339,6,FAIL
QI000916,PO000916,M011,416,412,4,PASS
QI000917,PO000917,M015,331,326,5,PASS
QI000918,PO000918,M017,278,272,6,FAIL
QI000919,PO000919,M003,392,387,5,PASS
QI000920,PO000920,M006,328,324,4,PASS
QI000921,PO000921,M007,391,385,6,FAIL
QI000922,PO000922,M011,489,483,6,PASS
QI000923,PO000923,M014,321,317,4,PASS
QI000924,PO000924,M018,293,288,5,FAIL
QI000925,PO000925,M003,439,433,6,PASS
QI000926,PO000926,M004,375,370,5,PASS
QI000927,PO000927,M009,385,377,8,FAIL
QI000928,PO000928,M012,442,438,4,PASS
QI000929,PO000929,M015,283,280,3,PASS
QI000930,PO000930,M018,291,285,6,FAIL
QI000931,PO000931,M001,426,419,7,FAIL
QI000932,PO000932,M004,322,319,3,PASS
QI000933,PO000933,M009,385,378,7,FAIL
QI000934,PO000934,M012,423,420,3,PASS
QI000935,PO000935,M015,331,328,3,PASS
QI000936,PO000936,M018,262,256,6,FAIL
QI000937,PO000937,M002,371,366,5,PASS
QI000938,PO000938,M005,358,354,4,PASS
QI000939,PO000939,M007,399,391,8,FAIL
QI000940,PO000940,M012,435,431,4,PASS
QI000941,PO000941,M013,317,312,5,FAIL
QI000942,PO000942,M016,282,277,5,FAIL
QI000943,PO000943,M003,364,359,5,PASS
QI000944,PO000944,M005,344,340,4,PASS
QI000945,PO000945,M007,396,387,9,FAIL
QI000946,PO000946,M010,455,450,5,PASS
QI000947,PO000947,M014,320,316,4,PASS
QI000948,PO000948,M016,282,275,7,FAIL
QI000949,PO000949,M003,436,430,6,PASS
QI000950,PO000950,M005,349,346,3,PASS
QI000951,PO000951,M008,377,370,7,FAIL
QI000952,PO000952,M012,480,476,4,PASS
QI000953,PO000953,M013,312,308,4,PASS
QI000954,PO000954,M016,268,262,6,FAIL
QI000955,PO000955,M003,372,368,4,PASS
QI000956,PO000956,M004,301,298,3,PASS
QI000957,PO000957,M008,390,385,5,PASS
QI000958,PO000958,M012,464,459,5,PASS
QI000959,PO000959,M015,315,310,5,FAIL
QI000960,PO000960,M016,263,257,6,FAIL
QI000961,PO000961,M001,390,385,5,PASS
QI000962,PO000962,M006,314,310,4,PASS
QI000963,PO000963,M009,382,375,7,FAIL
QI000964,PO000964,M010,427,424,3,PASS
QI000965,PO000965,M013,279,274,5,FAIL
QI000966,PO000966,M016,263,258,5,FAIL
QI000967,PO000967,M003,443,436,7,FAIL
QI000968,PO000968,M004,305,301,4,PASS
QI000969,PO000969,M008,357,349,8,FAIL
QI000970,PO000970,M010,491,486,5,PASS
QI000971,PO000971,M013,331,326,5,PASS
QI000972,PO000972,M016,287,282,5,FAIL
QI000973,PO000973,M003,393,386,7,FAIL
QI000974,PO000974,M006,340,335,5,PASS
QI000975,PO000975,M008,348,342,6,FAIL
QI000976,PO000976,M012,425,422,3,PASS
QI000977,PO000977,M014,304,301,3,PASS
QI000978,PO000978,M018,294,288,6,FAIL
QI000979,PO000979,M003,377,372,5,PASS
QI000980,PO000980,M006,355,352,3,PASS
QI000981,PO000981,M008,336,330,6,FAIL
QI000982,PO000982,M012,481,477,4,PASS
QI000983,PO000983,M015,308,304,4,PASS
QI000984,PO000984,M017,260,254,6,FAIL
QI000985,PO000985,M002,403,398,5,PASS
QI000986,PO000986,M006,360,356,4,PASS
QI000987,PO000987,M007,367,360,7,FAIL
QI000988,PO000988,M010,454,449,5,PASS
QI000989,PO000989,M015,319,314,5,FAIL
QI000990,PO000990,M018,267,261,6,FAIL
QI000991,PO000991,M002,386,381,5,PASS
QI000992,PO000992,M004,342,338,4,PASS
QI000993,PO000993,M007,385,377,8,FAIL
QI000994,PO000994,M010,465,462,3,PASS
QI000995,PO000995,M013,274,270,4,PASS
QI000996,PO000996,M017,279,275,4,PASS
QI000997,PO000997,M003,361,357,4,PASS
QI000998,PO000998,M004,374,369,5,PASS
QI000999,PO000999,M009,400,393,7,FAIL
QI001000,PO001000,M011,422,418,4,PASS
QI001001,PO001001,M014,269,265,4,PASS
QI001002,PO001002,M016,280,273,7,FAIL
QI001003,PO001003,M003,416,411,5,PASS
QI001004,PO001004,M006,327,324,3,PASS
QI001005,PO001005,M007,399,392,7,FAIL
QI001006,PO001006,M011,445,442,3,PASS
QI001007,PO001007,M015,313,309,4,PASS
QI001008,PO001008,M017,259,255,4,FAIL
QI001009,PO001009,M002,414,409,5,PASS
QI001010,PO001010,M006,359,354,5,PASS
QI001011,PO001011,M007,377,371,6,FAIL
QI001012,PO001012,M011,400,395,5,PASS
QI001013,PO001013,M013,286,282,4,PASS
QI001014,PO001014,M017,269,263,6,FAIL
QI001015,PO001015,M003,406,399,7,FAIL
QI001016,PO001016,M004,325,321,4,PASS
QI001017,PO001017,M007,377,370,7,FAIL
QI001018,PO001018,M010,458,453,5,PASS
QI001019,PO001019,M015,312,309,3,PASS
QI001020,PO001020,M017,281,276,5,FAIL
QI001021,PO001021,M003,415,408,7,FAIL
QI001022,PO001022,M004,345,341,4,PASS
QI001023,PO001023,M007,399,393,6,PASS
QI001024,PO001024,M010,465,461,4,PASS
QI001025,PO001025,M013,335,331,4,PASS
QI001026,PO001026,M016,295,290,5,FAIL
QI001027,PO001027,M001,356,352,4,PASS
QI001028,PO001028,M004,330,327,3,PASS
QI001029,PO001029,M009,348,341,7,FAIL
QI001030,PO001030,M010,461,458,3,PASS
QI001031,PO001031,M014,276,273,3,PASS
QI001032,PO001032,M018,277,272,5,FAIL
QI001033,PO001033,M002,437,430,7,FAIL
QI001034,PO001034,M004,300,296,4,PASS
QI001035,PO001035,M009,382,376,6,FAIL
QI001036,PO001036,M010,464,461,3,PASS
QI001037,PO001037,M014,334,328,6,FAIL
QI001038,PO001038,M016,267,262,5,FAIL
QI001039,PO001039,M003,410,405,5,PASS
QI001040,PO001040,M004,313,310,3,PASS
QI001041,PO001041,M007,358,350,8,FAIL
QI001042,PO001042,M012,463,459,4,PASS
QI001043,PO001043,M014,302,298,4,PASS
QI001044,PO001044,M016,257,251,6,FAIL
QI001045,PO001045,M002,426,420,6,PASS
QI001046,PO001046,M006,329,326,3,PASS
QI001047,PO001047,M009,340,334,6,FAIL
QI001048,PO001048,M012,492,487,5,PASS
QI001049,PO001049,M013,320,317,3,PASS
QI001050,PO001050,M017,269,263,6,FAIL
QI001051,PO001051,M001,435,429,6,PASS
QI001052,PO001052,M006,322,319,3,PASS
QI001053,PO001053,M008,384,377,7,FAIL
QI001054,PO001054,M011,467,462,5,PASS
QI001055,PO001055,M015,274,271,3,PASS
QI001056,PO001056,M016,290,283,7,FAIL
QI001057,PO001057,M003,415,410,5,PASS
QI001058,PO001058,M004,309,305,4,PASS
QI001059,PO001059,M008,397,389,8,FAIL
QI001060,PO001060,M012,400,396,4,PASS
QI001061,PO001061,M014,270,266,4,PASS
QI001062,PO001062,M018,244,239,5,FAIL
QI001063,PO001063,M002,364,359,5,PASS
QI001064,PO001064,M004,372,368,4,PASS
QI001065,PO001065,M009,379,373,6,FAIL
QI001066,PO001066,M012,437,432,5,PASS
QI001067,PO001067,M015,286,283,3,PASS
QI001068,PO001068,M018,240,235,5,FAIL
QI001069,PO001069,M003,398,392,6,PASS
QI001070,PO001070,M004,354,349,5,PASS
QI001071,PO001071,M007,374,369,5,PASS
QI001072,PO001072,M012,471,466,5,PASS
QI001073,PO001073,M014,272,269,3,PASS
QI001074,PO001074,M017,286,282,4,PASS
QI001075,PO001075,M002,382,375,7,FAIL
QI001076,PO001076,M006,347,342,5,PASS
QI001077,PO001077,M007,404,398,6,PASS
QI001078,PO001078,M011,407,404,3,PASS
QI001079,PO001079,M014,298,293,5,FAIL
QI001080,PO001080,M016,241,237,4,FAIL
QI001081,PO001081,M001,401,394,7,FAIL
QI001082,PO001082,M006,319,315,4,PASS
QI001083,PO001083,M008,368,360,8,FAIL
QI001084,PO001084,M010,407,403,4,PASS
QI001085,PO001085,M014,324,320,4,PASS
QI001086,PO001086,M017,242,238,4,FAIL
QI001087,PO001087,M001,378,373,5,PASS
QI001088,PO001088,M005,371,367,4,PASS
QI001089,PO001089,M009,380,372,8,FAIL
QI001090,PO001090,M010,408,405,3,PASS
QI001091,PO001091,M015,278,273,5,FAIL
QI001092,PO001092,M018,284,278,6,FAIL
QI001093,PO001093,M002,355,349,6,FAIL
QI001094,PO001094,M005,348,343,5,PASS
QI001095,PO001095,M009,398,389,9,FAIL
QI001096,PO001096,M012,462,458,4,PASS
QI001097,PO001097,M015,317,314,3,PASS
QI001098,PO001098,M016,251,245,6,FAIL
QI001099,PO001099,M002,418,413,5,PASS
QI001100,PO001100,M004,322,319,3,PASS
QI001101,PO001101,M008,381,373,8,FAIL
QI001102,PO001102,M011,494,488,6,PASS
QI001103,PO001103,M014,301,298,3,PASS
QI001104,PO001104,M018,274,268,6,FAIL
QI001105,PO001105,M003,432,426,6,PASS
QI001106,PO001106,M005,314,311,3,PASS
QI001107,PO001107,M008,331,326,5,PASS
QI001108,PO001108,M011,475,471,4,PASS
QI001109,PO001109,M014,324,320,4,PASS
QI001110,PO001110,M017,287,282,5,FAIL
QI001111,PO001111,M003,373,369,4,PASS
QI001112,PO001112,M005,326,323,3,PASS
QI001113,PO001113,M008,352,346,6,FAIL
QI001114,PO001114,M011,433,429,4,PASS
QI001115,PO001115,M015,331,328,3,PASS
QI001116,PO001116,M016,255,250,5,FAIL
QI001117,PO001117,M002,403,396,7,FAIL
QI001118,PO001118,M004,372,368,4,PASS
QI001119,PO001119,M009,399,393,6,PASS
QI001120,PO001120,M012,494,490,4,PASS
QI001121,PO001121,M013,327,323,4,PASS
QI001122,PO001122,M016,264,260,4,PASS
QI001123,PO001123,M003,362,356,6,FAIL
QI001124,PO001124,M006,364,361,3,PASS
QI001125,PO001125,M009,369,364,5,PASS
QI001126,PO001126,M011,478,472,6,PASS
QI001127,PO001127,M015,322,318,4,PASS
QI001128,PO001128,M016,262,256,6,FAIL
QI001129,PO001129,M002,429,424,5,PASS
QI001130,PO001130,M006,365,362,3,PASS
QI001131,PO001131,M008,397,389,8,FAIL
QI001132,PO001132,M011,484,479,5,PASS
QI001133,PO001133,M015,278,274,4,PASS
QI001134,PO001134,M016,276,270,6,FAIL
QI001135,PO001135,M002,375,369,6,FAIL
QI001136,PO001136,M006,305,301,4,PASS
QI001137,PO001137,M009,409,400,9,FAIL
QI001138,PO001138,M011,452,449,3,PASS
QI001139,PO001139,M013,280,276,4,PASS
QI001140,PO001140,M016,268,264,4,PASS
QI001141,PO001141,M003,425,419,6,PASS
QI001142,PO001142,M006,372,367,5,PASS
QI001143,PO001143,M008,375,367,8,FAIL
QI001144,PO001144,M011,494,490,4,PASS
QI001145,PO001145,M015,331,326,5,PASS
QI001146,PO001146,M017,237,233,4,FAIL
QI001147,PO001147,M001,390,383,7,FAIL
QI001148,PO001148,M004,315,312,3,PASS
QI001149,PO001149,M007,374,368,6,FAIL
QI001150,PO001150,M011,453,448,5,PASS
QI001151,PO001151,M015,329,325,4,PASS
QI001152,PO001152,M017,242,238,4,FAIL
QI001153,PO001153,M003,443,437,6,PASS
QI001154,PO001154,M005,309,306,3,PASS
QI001155,PO001155,M007,345,340,5,PASS
QI001156,PO001156,M011,478,474,4,PASS
QI001157,PO001157,M015,289,285,4,PASS
QI001158,PO001158,M016,266,259,7,FAIL
QI001159,PO001159,M003,374,368,6,FAIL
QI001160,PO001160,M006,355,352,3,PASS
QI001161,PO001161,M007,380,373,7,FAIL
QI001162,PO001162,M010,420,417,3,PASS
QI001163,PO001163,M015,322,317,5,FAIL
QI001164,PO001164,M016,282,277,5,FAIL
QI001165,PO001165,M001,411,405,6,PASS
QI001166,PO001166,M005,349,345,4,PASS
QI001167,PO001167,M009,356,349,7,FAIL
QI001168,PO001168,M011,491,486,5,PASS
QI001169,PO001169,M013,281,277,4,PASS
QI001170,PO001170,M016,257,251,6,FAIL
QI001171,PO001171,M001,410,402,8,FAIL
QI001172,PO001172,M005,362,358,4,PASS
QI001173,PO001173,M009,370,364,6,FAIL
QI001174,PO001174,M011,474,470,4,PASS
QI001175,PO001175,M015,281,276,5,FAIL
QI001176,PO001176,M017,289,284,5,FAIL
QI001177,PO001177,M003,375,368,7,FAIL
QI001178,PO001178,M006,338,334,4,PASS
QI001179,PO001179,M009,340,334,6,FAIL
QI001180,PO001180,M010,436,432,4,PASS
QI001181,PO001181,M013,307,303,4,PASS
QI001182,PO001182,M016,259,255,4,FAIL
QI001183,PO001183,M001,420,415,5,PASS
QI001184,PO001184,M005,375,370,5,PASS
QI001185,PO001185,M009,377,369,8,FAIL
QI001186,PO001186,M010,457,452,5,PASS
QI001187,PO001187,M015,289,284,5,FAIL
QI001188,PO001188,M016,265,259,6,FAIL
QI001189,PO001189,M001,376,369,7,FAIL
QI001190,PO001190,M005,306,302,4,PASS
QI001191,PO001191,M007,390,382,8,FAIL
QI001192,PO001192,M010,446,443,3,PASS
QI001193,PO001193,M015,330,325,5,PASS
QI001194,PO001194,M018,266,261,5,FAIL
QI001195,PO001195,M003,410,404,6,PASS
QI001196,PO001196,M004,310,306,4,PASS
QI001197,PO001197,M007,358,352,6,FAIL
QI001198,PO001198,M010,432,429,3,PASS
QI001199,PO001199,M015,303,298,5,FAIL
QI001200,PO001200,M017,271,266,5,FAIL
QI001201,PO001201,M002,423,416,7,FAIL
QI001202,PO001202,M004,372,367,5,PASS
QI001203,PO001203,M008,396,387,9,FAIL
QI001204,PO001204,M012,491,486,5,PASS
QI001205,PO001205,M015,323,318,5,FAIL
QI001206,PO001206,M016,263,259,4,PASS
QI001207,PO001207,M003,435,427,8,FAIL
QI001208,PO001208,M005,305,302,3,PASS
QI001209,PO001209,M008,375,370,5,PASS
QI001210,PO001210,M011,412,409,3,PASS
QI001211,PO001211,M013,312,308,4,PASS
QI001212,PO001212,M018,274,268,6,FAIL
QI001213,PO001213,M001,430,422,8,FAIL
QI001214,PO001214,M004,327,324,3,PASS
QI001215,PO001215,M009,373,366,7,FAIL
QI001216,PO001216,M011,472,468,4,PASS
QI001217,PO001217,M013,308,303,5,FAIL
QI001218,PO001218,M017,254,250,4,FAIL
QI001219,PO001219,M002,420,415,5,PASS
QI001220,PO001220,M004,317,313,4,PASS
QI001221,PO001221,M007,365,359,6,FAIL
QI001222,PO001222,M010,485,481,4,PASS
QI001223,PO001223,M013,287,284,3,PASS
QI001224,PO001224,M017,288,283,5,FAIL
QI001225,PO001225,M003,404,398,6,PASS
QI001226,PO001226,M004,373,369,4,PASS
QI001227,PO001227,M008,407,398,9,FAIL
QI001228,PO001228,M011,453,449,4,PASS
QI001229,PO001229,M015,278,273,5,FAIL
QI001230,PO001230,M018,281,275,6,FAIL
QI001231,PO001231,M003,402,397,5,PASS
QI001232,PO001232,M005,342,339,3,PASS
QI001233,PO001233,M007,341,335,6,FAIL
QI001234,PO001234,M011,477,473,4,PASS
QI001235,PO001235,M015,312,307,5,FAIL
QI001236,PO001236,M018,260,255,5,FAIL
QI001237,PO001237,M002,380,373,7,FAIL
QI001238,PO001238,M005,342,339,3,PASS
QI001239,PO001239,M008,398,390,8,FAIL
QI001240,PO001240,M010,469,466,3,PASS
QI001241,PO001241,M014,274,270,4,PASS
QI001242,PO001242,M016,275,270,5,FAIL
QI001243,PO001243,M001,370,365,5,PASS
QI001244,PO001244,M005,358,354,4,PASS
QI001245,PO001245,M008,355,349,6,FAIL
QI001246,PO001246,M010,478,473,5,PASS
QI001247,PO001247,M013,302,297,5,FAIL
QI001248,PO001248,M018,259,255,4,FAIL
QI001249,PO001249,M001,402,397,5,PASS
QI001250,PO001250,M006,321,317,4,PASS
QI001251,PO001251,M008,410,404,6,PASS
QI001252,PO001252,M012,485,481,4,PASS
QI001253,PO001253,M014,280,277,3,PASS
QI001254,PO001254,M016,236,232,4,FAIL
QI001255,PO001255,M002,363,357,6,FAIL
QI001256,PO001256,M006,328,324,4,PASS
QI001257,PO001257,M009,386,380,6,FAIL
QI001258,PO001258,M010,484,479,5,PASS
QI001259,PO001259,M013,322,318,4,PASS
QI001260,PO001260,M016,266,262,4,PASS
QI001261,PO001261,M001,403,397,6,PASS
QI001262,PO001262,M006,313,309,4,PASS
QI001263,PO001263,M008,375,367,8,FAIL
QI001264,PO001264,M010,445,442,3,PASS
QI001265,PO001265,M015,286,282,4,PASS
QI001266,PO001266,M018,272,268,4,PASS
QI001267,PO001267,M003,436,429,7,FAIL
QI001268,PO001268,M005,345,342,3,PASS
QI001269,PO001269,M007,409,402,7,FAIL
QI001270,PO001270,M010,448,444,4,PASS
QI001271,PO001271,M015,324,320,4,PASS
QI001272,PO001272,M016,293,289,4,PASS
QI001273,PO001273,M001,370,365,5,PASS
QI001274,PO001274,M006,349,345,4,PASS
QI001275,PO001275,M008,371,366,5,PASS
QI001276,PO001276,M010,432,429,3,PASS
QI001277,PO001277,M013,299,295,4,PASS
QI001278,PO001278,M018,272,266,6,FAIL
QI001279,PO001279,M003,391,386,5,PASS
QI001280,PO001280,M004,339,336,3,PASS
QI001281,PO001281,M009,405,397,8,FAIL
QI001282,PO001282,M010,490,485,5,PASS
QI001283,PO001283,M014,274,270,4,PASS
QI001284,PO001284,M017,258,252,6,FAIL
QI001285,PO001285,M001,418,413,5,PASS
QI001286,PO001286,M006,309,305,4,PASS
QI001287,PO001287,M007,375,368,7,FAIL
QI001288,PO001288,M010,444,439,5,PASS
QI001289,PO001289,M014,314,310,4,PASS
QI001290,PO001290,M018,246,241,5,FAIL
QI001291,PO001291,M001,357,352,5,PASS
QI001292,PO001292,M004,301,297,4,PASS
QI001293,PO001293,M007,335,329,6,FAIL
QI001294,PO001294,M011,460,456,4,PASS
QI001295,PO001295,M015,331,326,5,PASS
QI001296,PO001296,M017,280,276,4,PASS
QI001297,PO001297,M001,435,429,6,PASS
QI001298,PO001298,M006,318,313,5,FAIL
QI001299,PO001299,M007,369,363,6,FAIL
QI001300,PO001300,M012,423,420,3,PASS
QI001301,PO001301,M015,308,303,5,FAIL
QI001302,PO001302,M018,274,268,6,FAIL
QI001303,PO001303,M003,434,426,8,FAIL
QI001304,PO001304,M005,355,351,4,PASS
QI001305,PO001305,M007,338,333,5,PASS
QI001306,PO001306,M010,450,445,5,PASS
QI001307,PO001307,M014,276,273,3,PASS
QI001308,PO001308,M018,280,273,7,FAIL
QI001309,PO001309,M003,376,370,6,FAIL
QI001310,PO001310,M004,317,313,4,PASS
QI001311,PO001311,M007,351,346,5,PASS
QI001312,PO001312,M011,462,458,4,PASS
QI001313,PO001313,M015,300,295,5,FAIL
QI001314,PO001314,M017,242,236,6,FAIL
QI001315,PO001315,M002,370,365,5,PASS
QI001316,PO001316,M005,354,350,4,PASS
QI001317,PO001317,M009,337,330,7,FAIL
QI001318,PO001318,M012,468,463,5,PASS
QI001319,PO001319,M013,331,327,4,PASS
QI001320,PO001320,M018,257,251,6,FAIL
QI001321,PO001321,M002,427,422,5,PASS
QI001322,PO001322,M005,321,318,3,PASS
QI001323,PO001323,M007,403,397,6,PASS
QI001324,PO001324,M012,410,406,4,PASS
QI001325,PO001325,M015,334,331,3,PASS
QI001326,PO001326,M016,288,282,6,FAIL
QI001327,PO001327,M001,359,353,6,FAIL
QI001328,PO001328,M005,349,345,4,PASS
QI001329,PO001329,M007,333,326,7,FAIL
QI001330,PO001330,M012,490,486,4,PASS
QI001331,PO001331,M014,295,290,5,FAIL
QI001332,PO001332,M016,262,258,4,FAIL
QI001333,PO001333,M002,389,384,5,PASS
QI001334,PO001334,M006,346,341,5,PASS
QI001335,PO001335,M009,337,332,5,PASS
QI001336,PO001336,M010,462,458,4,PASS
QI001337,PO001337,M014,277,274,3,PASS
QI001338,PO001338,M017,283,277,6,FAIL
QI001339,PO001339,M002,366,361,5,PASS
QI001340,PO001340,M005,302,299,3,PASS
QI001341,PO001341,M007,365,357,8,FAIL
QI001342,PO001342,M011,490,486,4,PASS
QI001343,PO001343,M013,326,321,5,FAIL
QI001344,PO001344,M018,267,263,4,PASS
QI001345,PO001345,M003,424,419,5,PASS
QI001346,PO001346,M004,300,296,4,PASS
QI001347,PO001347,M007,360,355,5,PASS
QI001348,PO001348,M011,476,471,5,PASS
QI001349,PO001349,M013,309,304,5,FAIL
QI001350,PO001350,M018,258,252,6,FAIL
QI001351,PO001351,M003,393,387,6,FAIL
QI001352,PO001352,M004,367,363,4,PASS
QI001353,PO001353,M008,393,388,5,PASS
QI001354,PO001354,M010,486,481,5,PASS
QI001355,PO001355,M013,274,271,3,PASS
QI001356,PO001356,M018,262,258,4,FAIL
QI001357,PO001357,M002,410,402,8,FAIL
QI001358,PO001358,M004,375,372,3,PASS
QI001359,PO001359,M009,346,339,7,FAIL
QI001360,PO001360,M011,405,401,4,PASS
QI001361,PO001361,M015,276,273,3,PASS
QI001362,PO001362,M018,243,238,5,FAIL
QI001363,PO001363,M002,389,385,4,PASS
QI001364,PO001364,M005,342,339,3,PASS
QI001365,PO001365,M008,363,356,7,FAIL
QI001366,PO001366,M010,420,415,5,PASS
QI001367,PO001367,M015,282,279,3,PASS
QI001368,PO001368,M016,244,238,6,FAIL
QI001369,PO001369,M002,394,388,6,PASS
QI001370,PO001370,M004,368,364,4,PASS
QI001371,PO001371,M007,386,379,7,FAIL
QI001372,PO001372,M011,428,423,5,PASS
QI001373,PO001373,M013,289,286,3,PASS
QI001374,PO001374,M017,286,280,6,FAIL
QI001375,PO001375,M003,430,423,7,FAIL
QI001376,PO001376,M004,340,335,5,PASS
QI001377,PO001377,M007,362,357,5,PASS
QI001378,PO001378,M011,460,455,5,PASS
QI001379,PO001379,M015,307,304,3,PASS
QI001380,PO001380,M016,236,231,5,FAIL
QI001381,PO001381,M002,426,421,5,PASS
QI001382,PO001382,M006,331,327,4,PASS
QI001383,PO001383,M008,344,339,5,PASS
QI001384,PO001384,M010,397,393,4,PASS
QI001385,PO001385,M013,283,278,5,FAIL
QI001386,PO001386,M017,258,253,5,FAIL
QI001387,PO001387,M003,436,430,6,PASS
QI001388,PO001388,M006,374,369,5,PASS
QI001389,PO001389,M007,332,326,6,FAIL
QI001390,PO001390,M010,476,470,6,PASS
QI001391,PO001391,M013,280,277,3,PASS
QI001392,PO001392,M016,239,236,3,PASS
QI001393,PO001393,M001,377,373,4,PASS
QI001394,PO001394,M005,350,346,4,PASS
QI001395,PO001395,M007,379,374,5,PASS
QI001396,PO001396,M011,419,416,3,PASS
QI001397,PO001397,M013,291,287,4,PASS
QI001398,PO001398,M017,263,258,5,FAIL
QI001399,PO001399,M001,432,426,6,PASS
QI001400,PO001400,M006,332,329,3,PASS
QI001401,PO001401,M008,392,385,7,FAIL
QI001402,PO001402,M012,457,453,4,PASS
QI001403,PO001403,M013,303,299,4,PASS
QI001404,PO001404,M016,261,256,5,FAIL
QI001405,PO001405,M003,420,413,7,FAIL
QI001406,PO001406,M006,368,363,5,PASS
QI001407,PO001407,M008,376,371,5,PASS
QI001408,PO001408,M012,496,492,4,PASS
QI001409,PO001409,M014,333,330,3,PASS
QI001410,PO001410,M017,251,245,6,FAIL
QI001411,PO001411,M001,393,386,7,FAIL
QI001412,PO001412,M004,303,299,4,PASS
QI001413,PO001413,M007,388,380,8,FAIL
QI001414,PO001414,M011,492,486,6,PASS
QI001415,PO001415,M013,288,284,4,PASS
QI001416,PO001416,M016,275,268,7,FAIL
QI001417,PO001417,M002,420,412,8,FAIL
QI001418,PO001418,M004,327,322,5,FAIL
QI001419,PO001419,M008,376,371,5,PASS
QI001420,PO001420,M010,426,422,4,PASS
QI001421,PO001421,M014,312,307,5,FAIL
QI001422,PO001422,M016,281,277,4,PASS
QI001423,PO001423,M002,425,418,7,FAIL
QI001424,PO001424,M004,373,370,3,PASS
QI001425,PO001425,M008,398,391,7,FAIL
QI001426,PO001426,M010,458,454,4,PASS
QI001427,PO001427,M013,275,271,4,PASS
QI001428,PO001428,M018,249,244,5,FAIL
QI001429,PO001429,M003,416,411,5,PASS
QI001430,PO001430,M005,326,323,3,PASS
QI001431,PO001431,M008,353,348,5,PASS
QI001432,PO001432,M010,399,396,3,PASS
QI001433,PO001433,M015,286,282,4,PASS
QI001434,PO001434,M018,290,285,5,FAIL
QI001435,PO001435,M001,400,393,7,FAIL
QI001436,PO001436,M006,350,346,4,PASS
QI001437,PO001437,M007,374,369,5,PASS
QI001438,PO001438,M011,414,411,3,PASS
QI001439,PO001439,M015,322,317,5,FAIL
QI001440,PO001440,M017,275,269,6,FAIL
QI001441,PO001441,M001,442,434,8,FAIL
QI001442,PO001442,M006,344,339,5,PASS
QI001443,PO001443,M009,405,399,6,PASS
QI001444,PO001444,M011,435,431,4,PASS
QI001445,PO001445,M015,305,301,4,PASS
QI001446,PO001446,M016,279,272,7,FAIL
QI001447,PO001447,M003,426,419,7,FAIL
QI001448,PO001448,M006,305,302,3,PASS
QI001449,PO001449,M009,369,362,7,FAIL
QI001450,PO001450,M010,476,471,5,PASS
QI001451,PO001451,M013,330,325,5,PASS
QI001452,PO001452,M017,281,275,6,FAIL
QI001453,PO001453,M001,398,392,6,PASS
QI001454,PO001454,M004,312,309,3,PASS
QI001455,PO001455,M009,410,403,7,FAIL
QI001456,PO001456,M011,454,451,3,PASS
QI001457,PO001457,M014,295,292,3,PASS
QI001458,PO001458,M018,240,236,4,FAIL
QI001459,PO001459,M002,368,363,5,PASS
QI001460,PO001460,M004,307,304,3,PASS
QI001461,PO001461,M008,384,379,5,PASS
QI001462,PO001462,M011,458,453,5,PASS
QI001463,PO001463,M014,315,310,5,FAIL
QI001464,PO001464,M017,283,276,7,FAIL
QI001465,PO001465,M003,440,433,7,FAIL
QI001466,PO001466,M004,358,355,3,PASS
QI001467,PO001467,M007,367,361,6,FAIL
QI001468,PO001468,M011,429,425,4,PASS
QI001469,PO001469,M013,311,307,4,PASS
QI001470,PO001470,M017,244,238,6,FAIL
QI001471,PO001471,M001,424,418,6,PASS
QI001472,PO001472,M005,376,372,4,PASS
QI001473,PO001473,M008,334,329,5,PASS
QI001474,PO001474,M012,418,415,3,PASS
QI001475,PO001475,M014,288,284,4,PASS
QI001476,PO001476,M016,257,253,4,FAIL
QI001477,PO001477,M001,406,400,6,PASS
QI001478,PO001478,M006,368,363,5,PASS
QI001479,PO001479,M009,366,360,6,FAIL
QI001480,PO001480,M010,409,406,3,PASS
QI001481,PO001481,M014,330,326,4,PASS
QI001482,PO001482,M016,257,251,6,FAIL
QI001483,PO001483,M002,367,363,4,PASS
QI001484,PO001484,M006,375,370,5,PASS
QI001485,PO001485,M007,343,338,5,PASS
QI001486,PO001486,M010,418,415,3,PASS
QI001487,PO001487,M014,277,272,5,FAIL
QI001488,PO001488,M016,253,247,6,FAIL
QI001489,PO001489,M002,416,410,6,PASS
QI001490,PO001490,M005,311,307,4,PASS
QI001491,PO001491,M009,379,373,6,FAIL
QI001492,PO001492,M011,443,438,5,PASS
QI001493,PO001493,M013,324,319,5,FAIL
QI001494,PO001494,M017,262,256,6,FAIL
QI001495,PO001495,M002,382,376,6,FAIL
QI001496,PO001496,M006,308,305,3,PASS
QI001497,PO001497,M009,341,334,7,FAIL
QI001498,PO001498,M012,440,436,4,PASS
QI001499,PO001499,M014,297,293,4,PASS
QI001500,PO001500,M016,286,279,7,FAIL
QI001501,PO001501,M003,406,399,7,FAIL
QI001502,PO001502,M006,359,354,5,PASS
QI001503,PO001503,M007,388,380,8,FAIL
QI001504,PO001504,M010,446,442,4,PASS
QI001505,PO001505,M013,331,326,5,PASS
QI001506,PO001506,M018,284,277,7,FAIL
QI001507,PO001507,M003,431,423,8,FAIL
QI001508,PO001508,M004,356,351,5,PASS
QI001509,PO001509,M007,357,351,6,FAIL
QI001510,PO001510,M010,402,399,3,PASS
QI001511,PO001511,M013,322,317,5,FAIL
QI001512,PO001512,M018,245,241,4,FAIL
QI001513,PO001513,M002,395,390,5,PASS
QI001514,PO001514,M004,311,307,4,PASS
QI001515,PO001515,M009,380,374,6,FAIL
QI001516,PO001516,M011,432,429,3,PASS
QI001517,PO001517,M014,270,267,3,PASS
QI001518,PO001518,M018,273,269,4,PASS
QI001519,PO001519,M002,370,366,4,PASS
QI001520,PO001520,M004,319,316,3,PASS
QI001521,PO001521,M009,401,392,9,FAIL
QI001522,PO001522,M010,468,464,4,PASS
QI001523,PO001523,M014,335,330,5,PASS
QI001524,PO001524,M017,251,246,5,FAIL
QI001525,PO001525,M003,416,410,6,PASS
QI001526,PO001526,M006,359,354,5,PASS
QI001527,PO001527,M007,364,357,7,FAIL
QI001528,PO001528,M010,475,471,4,PASS
QI001529,PO001529,M015,318,313,5,FAIL
QI001530,PO001530,M017,289,282,7,FAIL
QI001531,PO001531,M003,383,376,7,FAIL
QI001532,PO001532,M006,361,358,3,PASS
QI001533,PO001533,M008,331,324,7,FAIL
QI001534,PO001534,M011,434,429,5,PASS
QI001535,PO001535,M014,280,276,4,PASS
QI001536,PO001536,M016,254,249,5,FAIL
QI001537,PO001537,M002,394,387,7,FAIL
QI001538,PO001538,M006,354,351,3,PASS
QI001539,PO001539,M009,342,337,5,PASS
QI001540,PO001540,M011,423,419,4,PASS
QI001541,PO001541,M015,329,324,5,PASS
QI001542,PO001542,M017,285,278,7,FAIL
QI001543,PO001543,M003,375,370,5,PASS
QI001544,PO001544,M005,364,360,4,PASS
QI001545,PO001545,M007,396,389,7,FAIL
QI001546,PO001546,M010,418,414,4,PASS
QI001547,PO001547,M013,276,273,3,PASS
QI001548,PO001548,M016,265,261,4,PASS
QI001549,PO001549,M002,443,436,7,FAIL
QI001550,PO001550,M005,348,345,3,PASS
QI001551,PO001551,M009,379,372,7,FAIL
QI001552,PO001552,M010,483,479,4,PASS
QI001553,PO001553,M013,314,309,5,FAIL
QI001554,PO001554,M018,263,258,5,FAIL
QI001555,PO001555,M002,430,425,5,PASS
QI001556,PO001556,M005,345,342,3,PASS
QI001557,PO001557,M008,341,335,6,FAIL
QI001558,PO001558,M010,444,439,5,PASS
QI001559,PO001559,M013,296,293,3,PASS
QI001560,PO001560,M018,249,244,5,FAIL
QI001561,PO001561,M001,390,386,4,PASS
QI001562,PO001562,M005,365,361,4,PASS
QI001563,PO001563,M009,332,327,5,PASS
QI001564,PO001564,M010,478,474,4,PASS
QI001565,PO001565,M015,269,265,4,PASS
QI001566,PO001566,M017,273,268,5,FAIL
QI001567,PO001567,M003,443,436,7,FAIL
QI001568,PO001568,M005,354,350,4,PASS
QI001569,PO001569,M008,386,378,8,FAIL
QI001570,PO001570,M010,454,449,5,PASS
QI001571,PO001571,M015,333,328,5,PASS
QI001572,PO001572,M017,273,269,4,PASS
QI001573,PO001573,M001,417,409,8,FAIL
QI001574,PO001574,M005,370,365,5,PASS
QI001575,PO001575,M009,405,397,8,FAIL
QI001576,PO001576,M011,484,481,3,PASS
QI001577,PO001577,M014,276,272,4,PASS
QI001578,PO001578,M017,274,268,6,FAIL
QI001579,PO001579,M002,387,381,6,FAIL
QI001580,PO001580,M006,339,336,3,PASS
QI001581,PO001581,M007,394,386,8,FAIL
QI001582,PO001582,M010,471,466,5,PASS
QI001583,PO001583,M015,308,304,4,PASS
QI001584,PO001584,M016,279,272,7,FAIL
QI001585,PO001585,M003,416,409,7,FAIL
QI001586,PO001586,M005,354,351,3,PASS
QI001587,PO001587,M008,335,330,5,PASS
QI001588,PO001588,M012,469,465,4,PASS
QI001589,PO001589,M014,296,292,4,PASS
QI001590,PO001590,M018,274,268,6,FAIL
QI001591,PO001591,M003,398,391,7,FAIL
QI001592,PO001592,M005,321,317,4,PASS
QI001593,PO001593,M009,352,345,7,FAIL
QI001594,PO001594,M010,456,452,4,PASS
QI001595,PO001595,M015,300,295,5,FAIL
QI001596,PO001596,M018,283,278,5,FAIL
QI001597,PO001597,M003,395,388,7,FAIL
QI001598,PO001598,M004,329,326,3,PASS
QI001599,PO001599,M007,369,363,6,FAIL
QI001600,PO001600,M011,442,437,5,PASS
QI001601,PO001601,M015,306,303,3,PASS
QI001602,PO001602,M016,264,258,6,FAIL
QI001603,PO001603,M003,426,418,8,FAIL
QI001604,PO001604,M006,310,307,3,PASS
QI001605,PO001605,M007,391,382,9,FAIL
QI001606,PO001606,M012,444,440,4,PASS
QI001607,PO001607,M014,319,314,5,FAIL
QI001608,PO001608,M016,242,236,6,FAIL
QI001609,PO001609,M002,405,398,7,FAIL
QI001610,PO001610,M005,318,314,4,PASS
QI001611,PO001611,M009,352,345,7,FAIL
QI001612,PO001612,M011,438,434,4,PASS
QI001613,PO001613,M013,308,304,4,PASS
QI001614,PO001614,M016,234,228,6,FAIL
QI001615,PO001615,M002,381,376,5,PASS
QI001616,PO001616,M006,321,318,3,PASS
QI001617,PO001617,M007,346,340,6,FAIL
QI001618,PO001618,M011,476,471,5,PASS
QI001619,PO001619,M014,321,316,5,FAIL
QI001620,PO001620,M017,236,232,4,FAIL
QI001621,PO001621,M003,380,375,5,PASS
QI001622,PO001622,M005,301,297,4,PASS
QI001623,PO001623,M009,355,350,5,PASS
QI001624,PO001624,M012,397,394,3,PASS
QI001625,PO001625,M015,299,295,4,PASS
QI001626,PO001626,M018,291,286,5,FAIL
QI001627,PO001627,M002,371,366,5,PASS
QI001628,PO001628,M005,364,360,4,PASS
QI001629,PO001629,M008,352,347,5,PASS
QI001630,PO001630,M010,434,430,4,PASS
QI001631,PO001631,M014,334,330,4,PASS
QI001632,PO001632,M018,257,253,4,FAIL
QI001633,PO001633,M003,372,367,5,PASS
QI001634,PO001634,M005,345,341,4,PASS
QI001635,PO001635,M007,381,375,6,FAIL
QI001636,PO001636,M010,424,420,4,PASS
QI001637,PO001637,M013,294,289,5,FAIL
QI001638,PO001638,M016,271,265,6,FAIL
QI001639,PO001639,M001,370,365,5,PASS
QI001640,PO001640,M006,305,302,3,PASS
QI001641,PO001641,M009,361,354,7,FAIL
QI001642,PO001642,M012,403,400,3,PASS
QI001643,PO001643,M013,281,277,4,PASS
QI001644,PO001644,M016,238,233,5,FAIL
QI001645,PO001645,M001,406,399,7,FAIL
QI001646,PO001646,M005,315,311,4,PASS
QI001647,PO001647,M008,389,382,7,FAIL
QI001648,PO001648,M010,423,420,3,PASS
QI001649,PO001649,M015,270,267,3,PASS
QI001650,PO001650,M017,276,270,6,FAIL
QI001651,PO001651,M003,420,414,6,PASS
QI001652,PO001652,M006,317,313,4,PASS
QI001653,PO001653,M007,392,383,9,FAIL
QI001654,PO001654,M012,411,407,4,PASS
QI001655,PO001655,M013,281,277,4,PASS
QI001656,PO001656,M016,273,268,5,FAIL
QI001657,PO001657,M002,420,414,6,PASS
QI001658,PO001658,M005,352,348,4,PASS
QI001659,PO001659,M007,334,327,7,FAIL
QI001660,PO001660,M011,422,418,4,PASS
QI001661,PO001661,M014,311,308,3,PASS
QI001662,PO001662,M016,236,232,4,FAIL
QI001663,PO001663,M001,370,366,4,PASS
QI001664,PO001664,M006,364,361,3,PASS
QI001665,PO001665,M007,395,389,6,PASS
QI001666,PO001666,M012,488,484,4,PASS
QI001667,PO001667,M014,297,293,4,PASS
QI001668,PO001668,M017,251,246,5,FAIL
QI001669,PO001669,M001,366,360,6,FAIL
QI001670,PO001670,M004,338,335,3,PASS
QI001671,PO001671,M009,371,366,5,PASS
QI001672,PO001672,M012,410,406,4,PASS
QI001673,PO001673,M013,270,267,3,PASS
QI001674,PO001674,M018,275,269,6,FAIL
QI001675,PO001675,M002,399,393,6,PASS
QI001676,PO001676,M006,334,330,4,PASS
QI001677,PO001677,M007,375,367,8,FAIL
QI001678,PO001678,M010,409,404,5,PASS
QI001679,PO001679,M014,327,324,3,PASS
QI001680,PO001680,M017,277,270,7,FAIL
QI001681,PO001681,M002,437,431,6,PASS
QI001682,PO001682,M004,316,312,4,PASS
QI001683,PO001683,M009,337,331,6,FAIL
QI001684,PO001684,M010,449,445,4,PASS
QI001685,PO001685,M014,324,320,4,PASS
QI001686,PO001686,M018,258,252,6,FAIL
QI001687,PO001687,M003,359,355,4,PASS
QI001688,PO001688,M006,317,314,3,PASS
QI001689,PO001689,M008,344,338,6,FAIL
QI001690,PO001690,M011,402,399,3,PASS
QI001691,PO001691,M014,308,304,4,PASS
QI001692,PO001692,M018,288,281,7,FAIL
QI001693,PO001693,M003,425,417,8,FAIL
QI001694,PO001694,M006,328,324,4,PASS
QI001695,PO001695,M008,396,390,6,PASS
QI001696,PO001696,M012,484,479,5,PASS
QI001697,PO001697,M013,323,319,4,PASS
QI001698,PO001698,M018,249,243,6,FAIL
QI001699,PO001699,M002,439,434,5,PASS
QI001700,PO001700,M006,349,345,4,PASS
QI001701,PO001701,M009,405,396,9,FAIL
QI001702,PO001702,M010,477,472,5,PASS
QI001703,PO001703,M015,327,322,5,FAIL
QI001704,PO001704,M016,239,234,5,FAIL
QI001705,PO001705,M002,384,378,6,FAIL
QI001706,PO001706,M005,306,302,4,PASS
QI001707,PO001707,M007,398,390,8,FAIL
QI001708,PO001708,M011,447,443,4,PASS
QI001709,PO001709,M013,325,320,5,FAIL
QI001710,PO001710,M018,262,256,6,FAIL
QI001711,PO001711,M002,411,405,6,PASS
QI001712,PO001712,M004,364,361,3,PASS
QI001713,PO001713,M009,332,326,6,FAIL
QI001714,PO001714,M011,448,444,4,PASS
QI001715,PO001715,M015,269,266,3,PASS
QI001716,PO001716,M018,273,267,6,FAIL
QI001717,PO001717,M002,419,413,6,PASS
QI001718,PO001718,M004,358,354,4,PASS
QI001719,PO001719,M008,335,328,7,FAIL
QI001720,PO001720,M011,438,434,4,PASS
QI001721,PO001721,M015,327,322,5,FAIL
QI001722,PO001722,M018,258,253,5,FAIL
QI001723,PO001723,M002,369,364,5,PASS
QI001724,PO001724,M006,329,326,3,PASS
QI001725,PO001725,M008,374,367,7,FAIL
QI001726,PO001726,M011,465,460,5,PASS
QI001727,PO001727,M014,282,279,3,PASS
QI001728,PO001728,M016,266,261,5,FAIL
QI001729,PO001729,M003,407,402,5,PASS
QI001730,PO001730,M005,326,323,3,PASS
QI001731,PO001731,M007,378,370,8,FAIL
QI001732,PO001732,M011,494,488,6,PASS
QI001733,PO001733,M015,310,305,5,FAIL
QI001734,PO001734,M017,238,234,4,FAIL
QI001735,PO001735,M003,429,423,6,PASS
QI001736,PO001736,M005,357,352,5,PASS
QI001737,PO001737,M009,393,386,7,FAIL
QI001738,PO001738,M011,397,394,3,PASS
QI001739,PO001739,M015,274,270,4,PASS
QI001740,PO001740,M017,287,281,6,FAIL
QI001741,PO001741,M002,419,413,6,PASS
QI001742,PO001742,M006,374,370,4,PASS
QI001743,PO001743,M009,346,340,6,FAIL
QI001744,PO001744,M011,479,474,5,PASS
QI001745,PO001745,M015,310,307,3,PASS
QI001746,PO001746,M017,262,258,4,FAIL
QI001747,PO001747,M003,384,377,7,FAIL
QI001748,PO001748,M005,344,341,3,PASS
QI001749,PO001749,M008,347,341,6,FAIL
QI001750,PO001750,M011,471,465,6,PASS
QI001751,PO001751,M015,333,329,4,PASS
QI001752,PO001752,M018,269,263,6,FAIL
QI001753,PO001753,M003,423,416,7,FAIL
QI001754,PO001754,M004,326,323,3,PASS
QI001755,PO001755,M009,367,361,6,FAIL
QI001756,PO001756,M011,482,478,4,PASS
QI001757,PO001757,M015,289,284,5,FAIL
QI001758,PO001758,M018,280,276,4,PASS
QI001759,PO001759,M002,444,438,6,PASS
QI001760,PO001760,M005,372,369,3,PASS
QI001761,PO001761,M009,401,393,8,FAIL
QI001762,PO001762,M012,449,445,4,PASS
QI001763,PO001763,M015,334,328,6,FAIL
QI001764,PO001764,M017,285,279,6,FAIL
QI001765,PO001765,M003,368,363,5,PASS
QI001766,PO001766,M005,319,316,3,PASS
QI001767,PO001767,M009,338,333,5,PASS
QI001768,PO001768,M011,490,484,6,PASS
QI001769,PO001769,M014,300,296,4,PASS
QI001770,PO001770,M016,279,274,5,FAIL
QI001771,PO001771,M001,422,415,7,FAIL
QI001772,PO001772,M005,356,351,5,PASS
QI001773,PO001773,M009,400,393,7,FAIL
QI001774,PO001774,M012,478,474,4,PASS
QI001775,PO001775,M014,297,292,5,FAIL
QI001776,PO001776,M018,254,250,4,FAIL
QI001777,PO001777,M003,360,354,6,FAIL
QI001778,PO001778,M005,353,349,4,PASS
QI001779,PO001779,M008,397,388,9,FAIL
QI001780,PO001780,M010,491,487,4,PASS
QI001781,PO001781,M013,324,320,4,PASS
QI001782,PO001782,M018,279,273,6,FAIL
QI001783,PO001783,M003,402,397,5,PASS
QI001784,PO001784,M006,325,321,4,PASS
QI001785,PO001785,M007,367,361,6,FAIL
QI001786,PO001786,M010,482,477,5,PASS
QI001787,PO001787,M013,290,286,4,PASS
QI001788,PO001788,M018,244,241,3,PASS
QI001789,PO001789,M001,408,402,6,PASS
QI001790,PO001790,M006,334,331,3,PASS
QI001791,PO001791,M007,402,394,8,FAIL
QI001792,PO001792,M010,438,434,4,PASS
QI001793,PO001793,M015,288,285,3,PASS
QI001794,PO001794,M016,292,285,7,FAIL
QI001795,PO001795,M003,362,358,4,PASS
QI001796,PO001796,M006,338,334,4,PASS
QI001797,PO001797,M009,400,394,6,PASS
QI001798,PO001798,M010,494,488,6,PASS
QI001799,PO001799,M014,335,331,4,PASS
QI001800,PO001800,M016,266,259,7,FAIL
QI001801,PO001801,M003,375,370,5,PASS
QI001802,PO001802,M006,368,364,4,PASS
QI001803,PO001803,M007,375,370,5,PASS
QI001804,PO001804,M010,478,472,6,PASS
QI001805,PO001805,M014,313,308,5,FAIL
QI001806,PO001806,M016,296,292,4,PASS
QI001807,PO001807,M003,413,406,7,FAIL
QI001808,PO001808,M006,303,301,2,PASS
QI001809,PO001809,M009,375,370,5,PASS
QI001810,PO001810,M010,477,472,5,PASS
QI001811,PO001811,M015,299,295,4,PASS
QI001812,PO001812,M018,290,284,6,FAIL
QI001813,PO001813,M002,369,364,5,PASS
QI001814,PO001814,M005,369,365,4,PASS
QI001815,PO001815,M008,334,329,5,PASS
QI001816,PO001816,M011,460,455,5,PASS
QI001817,PO001817,M014,330,326,4,PASS
QI001818,PO001818,M017,291,285,6,FAIL
QI001819,PO001819,M001,396,391,5,PASS
QI001820,PO001820,M004,313,310,3,PASS
QI001821,PO001821,M009,395,386,9,FAIL
QI001822,PO001822,M012,405,402,3,PASS
QI001823,PO001823,M015,295,291,4,PASS
QI001824,PO001824,M017,289,285,4,PASS
QI001825,PO001825,M001,423,418,5,PASS
QI001826,PO001826,M006,355,351,4,PASS
QI001827,PO001827,M007,348,341,7,FAIL
QI001828,PO001828,M011,487,483,4,PASS
QI001829,PO001829,M013,279,275,4,PASS
QI001830,PO001830,M016,247,243,4,FAIL
QI001831,PO001831,M003,363,357,6,FAIL
QI001832,PO001832,M004,333,329,4,PASS
QI001833,PO001833,M008,385,377,8,FAIL
QI001834,PO001834,M011,451,447,4,PASS
QI001835,PO001835,M013,316,311,5,FAIL
QI001836,PO001836,M016,269,264,5,FAIL
QI001837,PO001837,M003,433,427,6,PASS
QI001838,PO001838,M006,374,370,4,PASS
QI001839,PO001839,M009,340,335,5,PASS
QI001840,PO001840,M012,409,405,4,PASS
QI001841,PO001841,M015,307,304,3,PASS
QI001842,PO001842,M016,253,248,5,FAIL
QI001843,PO001843,M002,404,398,6,PASS
QI001844,PO001844,M004,361,358,3,PASS
QI001845,PO001845,M009,359,354,5,PASS
QI001846,PO001846,M012,445,440,5,PASS
QI001847,PO001847,M014,286,282,4,PASS
QI001848,PO001848,M018,290,284,6,FAIL
QI001849,PO001849,M003,401,395,6,PASS
QI001850,PO001850,M006,370,365,5,PASS
QI001851,PO001851,M007,335,329,6,FAIL
QI001852,PO001852,M012,472,468,4,PASS
QI001853,PO001853,M015,278,274,4,PASS
QI001854,PO001854,M016,283,279,4,PASS
QI001855,PO001855,M003,397,390,7,FAIL
QI001856,PO001856,M005,366,363,3,PASS
QI001857,PO001857,M007,351,343,8,FAIL
QI001858,PO001858,M012,428,424,4,PASS
QI001859,PO001859,M013,292,289,3,PASS
QI001860,PO001860,M018,288,282,6,FAIL
QI001861,PO001861,M003,414,409,5,PASS
QI001862,PO001862,M006,310,307,3,PASS
QI001863,PO001863,M009,339,334,5,PASS
QI001864,PO001864,M010,421,417,4,PASS
QI001865,PO001865,M015,329,324,5,PASS
QI001866,PO001866,M017,242,236,6,FAIL
QI001867,PO001867,M003,385,380,5,PASS
QI001868,PO001868,M005,309,306,3,PASS
QI001869,PO001869,M008,389,380,9,FAIL
QI001870,PO001870,M011,473,468,5,PASS
QI001871,PO001871,M014,288,285,3,PASS
QI001872,PO001872,M018,257,251,6,FAIL
QI001873,PO001873,M002,376,371,5,PASS
QI001874,PO001874,M005,331,327,4,PASS
QI001875,PO001875,M009,411,404,7,FAIL
QI001876,PO001876,M011,442,438,4,PASS
QI001877,PO001877,M015,310,306,4,PASS
QI001878,PO001878,M017,262,256,6,FAIL
QI001879,PO001879,M002,417,412,5,PASS
QI001880,PO001880,M004,322,318,4,PASS
QI001881,PO001881,M009,340,334,6,FAIL
QI001882,PO001882,M010,464,460,4,PASS
QI001883,PO001883,M014,277,273,4,PASS
QI001884,PO001884,M016,292,287,5,FAIL
QI001885,PO001885,M003,434,428,6,PASS
QI001886,PO001886,M006,374,370,4,PASS
QI001887,PO001887,M009,357,351,6,FAIL
QI001888,PO001888,M012,430,427,3,PASS
QI001889,PO001889,M015,327,322,5,FAIL
QI001890,PO001890,M016,258,253,5,FAIL
QI001891,PO001891,M001,428,421,7,FAIL
QI001892,PO001892,M005,317,313,4,PASS
QI001893,PO001893,M009,393,385,8,FAIL
QI001894,PO001894,M011,442,438,4,PASS
QI001895,PO001895,M013,299,296,3,PASS
QI001896,PO001896,M018,246,242,4,FAIL
QI001897,PO001897,M001,411,405,6,PASS
QI001898,PO001898,M004,373,370,3,PASS
QI001899,PO001899,M009,347,340,7,FAIL
QI001900,PO001900,M012,458,455,3,PASS
QI001901,PO001901,M013,295,290,5,FAIL
QI001902,PO001902,M016,240,236,4,FAIL
QI001903,PO001903,M002,384,379,5,PASS
QI001904,PO001904,M006,326,322,4,PASS
QI001905,PO001905,M008,377,369,8,FAIL
QI001906,PO001906,M011,401,397,4,PASS
QI001907,PO001907,M015,308,303,5,FAIL
QI001908,PO001908,M018,268,263,5,FAIL
QI001909,PO001909,M002,388,383,5,PASS
QI001910,PO001910,M006,372,368,4,PASS
QI001911,PO001911,M008,411,403,8,FAIL
QI001912,PO001912,M011,470,465,5,PASS
QI001913,PO001913,M013,334,330,4,PASS
QI001914,PO001914,M017,292,286,6,FAIL
QI001915,PO001915,M003,405,399,6,PASS
QI001916,PO001916,M005,362,358,4,PASS
QI001917,PO001917,M009,330,324,6,FAIL
QI001918,PO001918,M010,453,450,3,PASS
QI001919,PO001919,M013,277,273,4,PASS
QI001920,PO001920,M018,251,245,6,FAIL
QI001921,PO001921,M001,379,375,4,PASS
QI001922,PO001922,M005,316,313,3,PASS
QI001923,PO001923,M007,381,373,8,FAIL
QI001924,PO001924,M012,410,406,4,PASS
QI001925,PO001925,M015,328,323,5,FAIL
QI001926,PO001926,M016,271,265,6,FAIL
QI001927,PO001927,M003,407,402,5,PASS
QI001928,PO001928,M004,305,301,4,PASS
QI001929,PO001929,M009,405,399,6,PASS
QI001930,PO001930,M010,476,472,4,PASS
QI001931,PO001931,M013,286,282,4,PASS
QI001932,PO001932,M016,252,248,4,FAIL
QI001933,PO001933,M003,406,401,5,PASS
QI001934,PO001934,M006,303,300,3,PASS
QI001935,PO001935,M009,414,408,6,PASS
QI001936,PO001936,M010,423,419,4,PASS
QI001937,PO001937,M015,326,320,6,FAIL
QI001938,PO001938,M016,248,242,6,FAIL
QI001939,PO001939,M003,373,368,5,PASS
QI001940,PO001940,M004,364,359,5,PASS
QI001941,PO001941,M007,373,367,6,FAIL
QI001942,PO001942,M012,470,465,5,PASS
QI001943,PO001943,M013,316,312,4,PASS
QI001944,PO001944,M016,242,238,4,FAIL
QI001945,PO001945,M001,419,412,7,FAIL
QI001946,PO001946,M006,354,351,3,PASS
QI001947,PO001947,M009,342,336,6,FAIL
QI001948,PO001948,M011,472,466,6,PASS
QI001949,PO001949,M013,336,332,4,PASS
QI001950,PO001950,M016,241,237,4,FAIL
QI001951,PO001951,M003,370,364,6,FAIL
QI001952,PO001952,M006,300,296,4,PASS
QI001953,PO001953,M009,384,377,7,FAIL
QI001954,PO001954,M011,442,437,5,PASS
QI001955,PO001955,M015,335,331,4,PASS
QI001956,PO001956,M016,294,288,6,FAIL
QI001957,PO001957,M002,398,392,6,PASS
QI001958,PO001958,M006,372,367,5,PASS
QI001959,PO001959,M008,348,343,5,PASS
QI001960,PO001960,M011,494,490,4,PASS
QI001961,PO001961,M013,303,298,5,FAIL
QI001962,PO001962,M018,260,254,6,FAIL
QI001963,PO001963,M001,354,348,6,FAIL
QI001964,PO001964,M006,301,298,3,PASS
QI001965,PO001965,M009,345,339,6,FAIL
QI001966,PO001966,M010,444,440,4,PASS
QI001967,PO001967,M013,309,306,3,PASS
QI001968,PO001968,M017,240,234,6,FAIL
QI001969,PO001969,M002,437,431,6,PASS
QI001970,PO001970,M005,333,329,4,PASS
QI001971,PO001971,M008,400,392,8,FAIL
QI001972,PO001972,M012,430,425,5,PASS
QI001973,PO001973,M014,295,292,3,PASS
QI001974,PO001974,M018,285,280,5,FAIL
QI001975,PO001975,M002,376,370,6,FAIL
QI001976,PO001976,M006,370,365,5,PASS
QI001977,PO001977,M008,367,359,8,FAIL
QI001978,PO001978,M011,494,489,5,PASS
QI001979,PO001979,M014,286,283,3,PASS
QI001980,PO001980,M016,281,275,6,FAIL
QI001981,PO001981,M002,444,439,5,PASS
QI001982,PO001982,M004,328,325,3,PASS
QI001983,PO001983,M008,373,367,6,FAIL
QI001984,PO001984,M012,485,481,4,PASS
QI001985,PO001985,M015,274,270,4,PASS
QI001986,PO001986,M017,274,268,6,FAIL
QI001987,PO001987,M001,374,370,4,PASS
QI001988,PO001988,M006,355,351,4,PASS
QI001989,PO001989,M007,361,353,8,FAIL
QI001990,PO001990,M011,407,404,3,PASS
QI001991,PO001991,M013,316,311,5,FAIL
QI001992,PO001992,M018,275,269,6,FAIL
QI001993,PO001993,M002,430,424,6,PASS
QI001994,PO001994,M004,363,359,4,PASS
QI001995,PO001995,M007,356,351,5,PASS
QI001996,PO001996,M012,432,428,4,PASS
QI001997,PO001997,M013,332,327,5,PASS
QI001998,PO001998,M018,249,244,5,FAIL
QI001999,PO001999,M001,438,430,8,FAIL
QI002000,PO002000,M005,329,324,5,PASS
QI002001,PO002001,M007,350,344,6,FAIL
QI002002,PO002002,M011,494,489,5,PASS
QI002003,PO002003,M014,319,316,3,PASS
QI002004,PO002004,M018,248,244,4,FAIL
QI002005,PO002005,M001,442,434,8,FAIL
QI002006,PO002006,M004,370,366,4,PASS
QI002007,PO002007,M009,398,389,9,FAIL
QI002008,PO002008,M011,441,438,3,PASS
QI002009,PO002009,M013,292,288,4,PASS
QI002010,PO002010,M017,271,266,5,FAIL
QI002011,PO002011,M002,377,372,5,PASS
QI002012,PO002012,M006,313,309,4,PASS
QI002013,PO002013,M007,392,384,8,FAIL
QI002014,PO002014,M011,409,404,5,PASS
QI002015,PO002015,M014,334,328,6,FAIL
QI002016,PO002016,M017,279,274,5,FAIL
QI002017,PO002017,M002,425,418,7,FAIL
QI002018,PO002018,M004,344,341,3,PASS
QI002019,PO002019,M009,387,380,7,FAIL
QI002020,PO002020,M010,456,451,5,PASS
QI002021,PO002021,M014,277,274,3,PASS
QI002022,PO002022,M018,286,282,4,PASS
QI002023,PO002023,M003,441,433,8,FAIL
QI002024,PO002024,M005,352,348,4,PASS
QI002025,PO002025,M009,398,392,6,PASS
QI002026,PO002026,M012,428,423,5,PASS
QI002027,PO002027,M014,280,277,3,PASS
QI002028,PO002028,M018,282,277,5,FAIL
QI002029,PO002029,M001,422,414,8,FAIL
QI002030,PO002030,M005,339,334,5,PASS
QI002031,PO002031,M007,401,393,8,FAIL
QI002032,PO002032,M010,490,485,5,PASS
QI002033,PO002033,M013,330,325,5,PASS
QI002034,PO002034,M016,250,245,5,FAIL
QI002035,PO002035,M001,386,379,7,FAIL
QI002036,PO002036,M004,326,323,3,PASS
QI002037,PO002037,M009,373,365,8,FAIL
QI002038,PO002038,M010,411,407,4,PASS
QI002039,PO002039,M015,331,327,4,PASS
QI002040,PO002040,M016,284,280,4,PASS
QI002041,PO002041,M001,414,407,7,FAIL
QI002042,PO002042,M006,341,338,3,PASS
QI002043,PO002043,M009,365,359,6,FAIL
QI002044,PO002044,M010,493,489,4,PASS
QI002045,PO002045,M014,318,314,4,PASS
QI002046,PO002046,M018,244,240,4,FAIL
QI002047,PO002047,M003,408,402,6,PASS
QI002048,PO002048,M006,305,302,3,PASS
QI002049,PO002049,M008,379,372,7,FAIL
QI002050,PO002050,M010,453,448,5,PASS
QI002051,PO002051,M015,333,328,5,PASS
QI002052,PO002052,M017,278,272,6,FAIL
QI002053,PO002053,M001,439,432,7,FAIL
QI002054,PO002054,M005,375,372,3,PASS
QI002055,PO002055,M008,375,368,7,FAIL
QI002056,PO002056,M011,420,417,3,PASS
QI002057,PO002057,M014,299,296,3,PASS
QI002058,PO002058,M017,273,267,6,FAIL
QI002059,PO002059,M002,377,371,6,FAIL
QI002060,PO002060,M005,326,322,4,PASS
QI002061,PO002061,M009,376,369,7,FAIL
QI002062,PO002062,M011,432,429,3,PASS
QI002063,PO002063,M013,284,280,4,PASS
QI002064,PO002064,M018,250,246,4,FAIL
QI002065,PO002065,M003,389,384,5,PASS
QI002066,PO002066,M006,355,351,4,PASS
QI002067,PO002067,M007,349,344,5,PASS
QI002068,PO002068,M010,456,452,4,PASS
QI002069,PO002069,M013,320,315,5,FAIL
QI002070,PO002070,M016,291,285,6,FAIL
QI002071,PO002071,M003,421,414,7,FAIL
QI002072,PO002072,M005,361,356,5,PASS
QI002073,PO002073,M008,399,391,8,FAIL
QI002074,PO002074,M010,446,442,4,PASS
QI002075,PO002075,M015,288,284,4,PASS
QI002076,PO002076,M016,287,282,5,FAIL
QI002077,PO002077,M002,432,424,8,FAIL
QI002078,PO002078,M005,343,340,3,PASS
QI002079,PO002079,M008,374,366,8,FAIL
QI002080,PO002080,M012,429,426,3,PASS
QI002081,PO002081,M013,319,314,5,FAIL
QI002082,PO002082,M017,291,287,4,PASS
QI002083,PO002083,M003,379,373,6,FAIL
QI002084,PO002084,M006,368,364,4,PASS
QI002085,PO002085,M008,375,369,6,FAIL
QI002086,PO002086,M012,461,457,4,PASS
QI002087,PO002087,M015,324,319,5,FAIL
QI002088,PO002088,M017,274,269,5,FAIL
QI002089,PO002089,M002,434,428,6,PASS
QI002090,PO002090,M004,343,339,4,PASS
QI002091,PO002091,M009,406,398,8,FAIL
QI002092,PO002092,M011,406,403,3,PASS
QI002093,PO002093,M013,310,305,5,FAIL
QI002094,PO002094,M017,254,248,6,FAIL
QI002095,PO002095,M002,442,434,8,FAIL
QI002096,PO002096,M006,349,344,5,PASS
QI002097,PO002097,M008,375,368,7,FAIL
QI002098,PO002098,M012,461,456,5,PASS
QI002099,PO002099,M014,290,287,3,PASS
QI002100,PO002100,M016,242,236,6,FAIL
QI002101,PO002101,M001,438,432,6,PASS
QI002102,PO002102,M006,311,308,3,PASS
QI002103,PO002103,M007,381,376,5,PASS
QI002104,PO002104,M010,404,400,4,PASS
QI002105,PO002105,M015,274,270,4,PASS
QI002106,PO002106,M017,267,261,6,FAIL
QI002107,PO002107,M001,386,379,7,FAIL
QI002108,PO002108,M004,311,308,3,PASS
QI002109,PO002109,M008,369,363,6,FAIL
QI002110,PO002110,M010,490,486,4,PASS
QI002111,PO002111,M014,284,280,4,PASS
QI002112,PO002112,M018,288,283,5,FAIL
QI002113,PO002113,M001,358,352,6,FAIL
QI002114,PO002114,M005,342,339,3,PASS
QI002115,PO002115,M008,399,393,6,PASS
QI002116,PO002116,M012,452,448,4,PASS
QI002117,PO002117,M015,290,286,4,PASS
QI002118,PO002118,M018,265,261,4,PASS
QI002119,PO002119,M003,435,429,6,PASS
QI002120,PO002120,M005,368,365,3,PASS
QI002121,PO002121,M009,397,390,7,FAIL
QI002122,PO002122,M011,457,453,4,PASS
QI002123,PO002123,M013,279,275,4,PASS
QI002124,PO002124,M017,259,255,4,FAIL
QI002125,PO002125,M002,375,371,4,PASS
QI002126,PO002126,M004,300,296,4,PASS
QI002127,PO002127,M007,372,364,8,FAIL
QI002128,PO002128,M011,464,460,4,PASS
QI002129,PO002129,M015,330,326,4,PASS
QI002130,PO002130,M017,236,232,4,FAIL
QI002131,PO002131,M002,430,424,6,PASS
QI002132,PO002132,M004,370,366,4,PASS
QI002133,PO002133,M007,383,378,5,PASS
QI002134,PO002134,M011,446,442,4,PASS
QI002135,PO002135,M013,317,313,4,PASS
QI002136,PO002136,M016,251,246,5,FAIL
QI002137,PO002137,M002,433,426,7,FAIL
QI002138,PO002138,M006,334,330,4,PASS
QI002139,PO002139,M009,396,388,8,FAIL
QI002140,PO002140,M011,421,418,3,PASS
QI002141,PO002141,M013,285,281,4,PASS
QI002142,PO002142,M016,275,270,5,FAIL
QI002143,PO002143,M003,410,403,7,FAIL
QI002144,PO002144,M006,362,358,4,PASS
QI002145,PO002145,M008,332,326,6,FAIL
QI002146,PO002146,M010,463,458,5,PASS
QI002147,PO002147,M013,281,277,4,PASS
QI002148,PO002148,M017,242,236,6,FAIL
QI002149,PO002149,M002,357,353,4,PASS
QI002150,PO002150,M004,320,317,3,PASS
QI002151,PO002151,M008,358,353,5,PASS
QI002152,PO002152,M011,435,431,4,PASS
QI002153,PO002153,M014,327,323,4,PASS
QI002154,PO002154,M016,257,253,4,FAIL
QI002155,PO002155,M001,363,359,4,PASS
QI002156,PO002156,M005,309,305,4,PASS
QI002157,PO002157,M008,352,345,7,FAIL
QI002158,PO002158,M011,445,442,3,PASS
QI002159,PO002159,M013,298,293,5,FAIL
QI002160,PO002160,M017,249,243,6,FAIL
QI002161,PO002161,M001,379,373,6,FAIL
QI002162,PO002162,M006,313,310,3,PASS
QI002163,PO002163,M009,354,346,8,FAIL
QI002164,PO002164,M011,482,477,5,PASS
QI002165,PO002165,M014,288,284,4,PASS
QI002166,PO002166,M018,238,234,4,FAIL
QI002167,PO002167,M003,421,416,5,PASS
QI002168,PO002168,M005,361,357,4,PASS
QI002169,PO002169,M008,354,347,7,FAIL
QI002170,PO002170,M010,481,477,4,PASS
QI002171,PO002171,M013,298,294,4,PASS
QI002172,PO002172,M017,254,248,6,FAIL
QI002173,PO002173,M001,388,381,7,FAIL
QI002174,PO002174,M004,349,344,5,PASS
QI002175,PO002175,M007,334,327,7,FAIL
QI002176,PO002176,M012,456,452,4,PASS
QI002177,PO002177,M015,288,285,3,PASS
QI002178,PO002178,M016,251,247,4,FAIL
QI002179,PO002179,M002,367,363,4,PASS
QI002180,PO002180,M006,343,339,4,PASS
QI002181,PO002181,M007,336,329,7,FAIL
QI002182,PO002182,M012,415,411,4,PASS
QI002183,PO002183,M015,281,277,4,PASS
QI002184,PO002184,M017,249,244,5,FAIL
QI002185,PO002185,M003,435,428,7,FAIL
QI002186,PO002186,M005,323,318,5,FAIL
QI002187,PO002187,M009,378,372,6,FAIL
QI002188,PO002188,M012,413,409,4,PASS
QI002189,PO002189,M013,331,328,3,PASS
QI002190,PO002190,M017,270,265,5,FAIL
